,Date,Predictions,Actual
0,1/2/2020,207.13174853872394,209.77999900000003
1,1/3/2020,211.30703346152566,208.669998
2,1/6/2020,210.17439773961365,212.600006
3,1/7/2020,213.844076430853,213.059998
4,1/8/2020,214.36292784506614,215.220001
5,1/9/2020,216.60221765488353,218.30000299999998
6,1/10/2020,219.53091104564103,218.059998
7,1/13/2020,219.47015399381038,221.910004
8,1/14/2020,223.24036162278264,219.059998
9,1/15/2020,220.6567697399415,221.149994
10,1/16/2020,222.88116099039846,221.770004
11,1/17/2020,223.44181921569495,222.139999
12,1/21/2020,221.6287087261903,221.440002
13,1/22/2020,222.38615846061063,221.32000699999998
16,1/27/2020,218.90673912443063,214.869995
23,2/5/2020,210.7714801970832,210.110001
26,2/10/2020,212.2830052254276,213.059998
29,2/13/2020,211.44293540967664,213.139999
30,2/14/2020,213.6876942425374,214.179993
39,2/28/2020,191.52595109929004,192.470001
42,3/4/2020,186.80120280216178,191.759995
46,3/10/2020,171.7397074844446,178.190002
47,3/11/2020,179.04434310378522,170.240005
62,4/1/2020,166.20964558448674,159.60000599999995
66,4/7/2020,164.69508191453468,168.830002
71,4/15/2020,178.10154675658515,176.97000099999997
72,4/16/2020,177.21549213984858,176.25
77,4/23/2020,181.88020846173288,185.130005
91,5/13/2020,210.41277751806527,205.100006
102,5/29/2020,226.55214381446407,225.089996
131,7/10/2020,244.76508309635327,245.070007
137,7/20/2020,242.8103516486774,245.419998
139,7/22/2020,242.2937576542945,239.86999500000005
150,8/6/2020,249.80855601689646,265.27999900000003
153,8/11/2020,262.3733273922897,256.130005
154,8/12/2020,257.38926490344323,259.890015
155,8/13/2020,261.64039914680126,261.299988
166,8/28/2020,291.0600690898151,293.660004
183,9/23/2020,256.2689496567025,249.02000400000003
193,10/7/2020,259.5944395720286,258.119995
202,10/20/2020,262.71119044086754,267.559998
203,10/21/2020,268.9235825260577,278.730011
206,10/26/2020,284.9261453538211,277.109985
215,11/6/2020,293.36056794235816,293.410004
219,11/12/2020,279.26592621530244,275.079987
