Date,Close,Adj Close,Volume
5/21/2012,34.029999,34.029999,168192700
5/22/2012,31,31,101786600
5/23/2012,32,32,73600000
5/24/2012,33.029999,33.029999,50237200
5/25/2012,31.91,31.91,37149800
5/29/2012,28.84,28.84,78063400
5/30/2012,28.190001,28.190001,57267900
5/31/2012,29.6,29.6,111639200
6/1/2012,27.719999,27.719999,41855500
6/4/2012,26.9,26.9,35230300
6/5/2012,25.870001,25.870001,42473400
6/6/2012,26.809999,26.809999,61489200
6/7/2012,26.309999,26.309999,26159500
6/8/2012,27.1,27.1,38034000
6/11/2012,27.01,27.01,28219600
6/12/2012,27.4,27.4,15816800
6/13/2012,27.27,27.27,17102800
6/14/2012,28.290001,28.290001,16855000
6/15/2012,30.01,30.01,43563800
6/18/2012,31.41,31.41,42978900
6/19/2012,31.91,31.91,30849000
6/20/2012,31.6,31.6,15553600
6/21/2012,31.84,31.84,21875300
6/22/2012,33.049999,33.049999,74834000
6/25/2012,32.060001,32.060001,24352900
6/26/2012,33.099998,33.099998,24858700
6/27/2012,32.23,32.23,28568000
6/28/2012,31.360001,31.360001,17713300
6/29/2012,31.1,31.1,19526900
7/2/2012,30.77,30.77,14122000
7/3/2012,31.200001,31.200001,8763600
7/5/2012,31.469999,31.469999,10032100
7/6/2012,31.73,31.73,10945600
7/9/2012,32.169998,32.169998,17785200
7/10/2012,31.469999,31.469999,14269500
7/11/2012,30.969999,30.969999,13030300
7/12/2012,30.809999,30.809999,11300700
7/13/2012,30.719999,30.719999,8108300
7/16/2012,28.25,28.25,24672100
7/17/2012,28.09,28.09,30438600
7/18/2012,29.110001,29.110001,16841800
7/19/2012,29,29,13685100
7/20/2012,28.76,28.76,11869100
7/23/2012,28.75,28.75,12390700
7/24/2012,28.450001,28.450001,11539800
7/25/2012,29.34,29.34,17230200
7/26/2012,26.85,26.85,64597400
7/27/2012,23.709999,23.709999,123102300
7/30/2012,23.15,23.15,29285900
7/31/2012,21.709999,21.709999,56179400
8/1/2012,20.879999,20.879999,44604400
8/2/2012,20.040001,20.040001,56374500
8/3/2012,21.09,21.09,80647000
8/6/2012,21.92,21.92,27778900
8/7/2012,20.719999,20.719999,36782900
8/8/2012,20.719999,20.719999,29537400
8/9/2012,21.01,21.01,15610700
8/10/2012,21.809999,21.809999,25794700
8/13/2012,21.6,21.6,24973100
8/14/2012,20.379999,20.379999,39308800
8/15/2012,21.200001,21.200001,47861100
8/16/2012,19.870001,19.870001,157565300
8/17/2012,19.049999,19.049999,129293400
8/20/2012,20.01,20.01,101186600
8/21/2012,19.16,19.16,70640600
8/22/2012,19.440001,19.440001,49892200
8/23/2012,19.440001,19.440001,32813700
8/24/2012,19.41,19.41,29622200
8/27/2012,19.15,19.15,20704000
8/28/2012,19.34,19.34,25417000
8/29/2012,19.1,19.1,16124700
8/30/2012,19.09,19.09,30647500
8/31/2012,18.059999,18.059999,58764200
9/4/2012,17.73,17.73,46622400
9/5/2012,18.58,18.58,60781800
9/6/2012,18.959999,18.959999,46066500
9/7/2012,18.98,18.98,36371700
9/10/2012,18.809999,18.809999,24797800
9/11/2012,19.43,19.43,50508200
9/12/2012,20.93,20.93,121584000
9/13/2012,20.709999,20.709999,65041600
9/14/2012,22,22,72819800
9/17/2012,21.52,21.52,50667600
9/18/2012,21.870001,21.870001,36760500
9/19/2012,23.290001,23.290001,78782800
9/20/2012,22.59,22.59,57248900
9/21/2012,22.860001,22.860001,51218100
9/24/2012,20.790001,20.790001,79106500
9/25/2012,20.280001,20.280001,46291700
9/26/2012,20.620001,20.620001,38271900
9/27/2012,20.32,20.32,30215900
9/28/2012,21.66,21.66,65486000
10/1/2012,21.99,21.99,51262700
10/2/2012,22.27,22.27,29341400
10/3/2012,21.83,21.83,32000100
10/4/2012,21.950001,21.950001,46892100
10/5/2012,20.91,20.91,40529300
10/8/2012,20.4,20.4,32236700
10/9/2012,20.23,20.23,27161800
10/10/2012,19.639999,19.639999,39321800
10/11/2012,19.75,19.75,21817300
10/12/2012,19.52,19.52,18809400
10/15/2012,19.52,19.52,20189700
10/16/2012,19.48,19.48,21834700
10/17/2012,19.879999,19.879999,44074500
10/18/2012,18.98,18.98,52157400
10/19/2012,19,19,34835000
10/22/2012,19.32,19.32,32447300
10/23/2012,19.5,19.5,78381200
10/24/2012,23.23,23.23,228949900
10/25/2012,22.559999,22.559999,76142000
10/26/2012,21.940001,21.940001,73175800
10/31/2012,21.110001,21.110001,99378200
11/1/2012,21.209999,21.209999,37713900
11/2/2012,21.18,21.18,38344400
11/5/2012,21.25,21.25,31806700
11/6/2012,21.17,21.17,29062700
11/7/2012,20.469999,20.469999,33396800
11/8/2012,19.99,19.99,34254600
11/9/2012,19.209999,19.209999,42295500
11/12/2012,20.07,20.07,67349200
11/13/2012,19.860001,19.860001,71775100
11/14/2012,22.360001,22.360001,229751000
11/15/2012,22.17,22.17,78857700
11/16/2012,23.559999,23.559999,107182200
11/19/2012,22.92,22.92,85021300
11/20/2012,23.1,23.1,46655300
11/21/2012,24.32,24.32,89862400
11/23/2012,24,24,29520900
11/26/2012,25.940001,25.940001,123865000
11/27/2012,26.15,26.15,85760600
11/28/2012,26.360001,26.360001,49205600
11/29/2012,27.32,27.32,88759700
11/30/2012,28,28,127049600
12/3/2012,27.040001,27.040001,123526100
12/4/2012,27.459999,27.459999,72869200
12/5/2012,27.709999,27.709999,58976300
12/6/2012,26.969999,26.969999,46001500
12/7/2012,27.49,27.49,51751900
12/10/2012,27.84,27.84,50608500
12/11/2012,27.98,27.98,77099100
12/12/2012,27.58,27.58,46704200
12/13/2012,28.24,28.24,81051600
12/14/2012,26.809999,26.809999,91631600
12/17/2012,26.75,26.75,57742500
12/18/2012,27.709999,27.709999,60512900
12/19/2012,27.41,27.41,61390300
12/20/2012,27.360001,27.360001,35574800
12/21/2012,26.26,26.26,54555200
12/24/2012,26.93,26.93,28230100
12/26/2012,26.51,26.51,33175400
12/27/2012,26.049999,26.049999,43481700
12/28/2012,25.91,25.91,56574800
12/31/2012,26.620001,26.620001,60374500
1/2/2013,28,28,69846400
1/3/2013,27.77,27.77,63140600
1/4/2013,28.76,28.76,72715400
1/7/2013,29.42,29.42,83781800
1/8/2013,29.059999,29.059999,45871300
1/9/2013,30.59,30.59,104787700
1/10/2013,31.299999,31.299999,95316400
1/11/2013,31.719999,31.719999,89598000
1/14/2013,30.950001,30.950001,98892800
1/15/2013,30.1,30.1,173242600
1/16/2013,29.85,29.85,75332700
1/17/2013,30.139999,30.139999,40256700
1/18/2013,29.66,29.66,49631500
1/22/2013,30.73,30.73,55243300
1/23/2013,30.82,30.82,48899800
1/24/2013,31.08,31.08,43845100
1/25/2013,31.540001,31.540001,54363600
1/28/2013,32.470001,32.470001,59682500
1/29/2013,30.790001,30.790001,72976500
1/30/2013,31.24,31.24,87682100
1/31/2013,30.98,30.98,190744900
2/1/2013,29.73,29.73,85856700
2/4/2013,28.110001,28.110001,92362200
2/5/2013,28.639999,28.639999,47948200
2/6/2013,29.049999,29.049999,38375900
2/7/2013,28.65,28.65,34540100
2/8/2013,28.549999,28.549999,37708800
2/11/2013,28.26,28.26,37361800
2/12/2013,27.370001,27.370001,93498700
2/13/2013,27.91,27.91,50164000
2/14/2013,28.5,28.5,35615800
2/15/2013,28.32,28.32,33109300
2/19/2013,28.93,28.93,49396400
2/20/2013,28.459999,28.459999,42098200
2/21/2013,27.280001,27.280001,49642300
2/22/2013,27.129999,27.129999,36350200
2/25/2013,27.27,27.27,34652000
2/26/2013,27.389999,27.389999,31611700
2/27/2013,26.870001,26.870001,44319700
2/28/2013,27.25,27.25,83027800
3/1/2013,27.780001,27.780001,54064800
3/4/2013,27.719999,27.719999,32400700
3/5/2013,27.52,27.52,40622200
3/6/2013,27.450001,27.450001,33532600
3/7/2013,28.58,28.58,74540200
3/8/2013,27.959999,27.959999,44198900
3/11/2013,28.139999,28.139999,35642100
3/12/2013,27.83,27.83,27569600
3/13/2013,27.08,27.08,39619500
3/14/2013,27.040001,27.040001,27646400
3/15/2013,26.65,26.65,31597400
3/18/2013,26.49,26.49,26653700
3/19/2013,26.549999,26.549999,25254200
3/20/2013,25.860001,25.860001,44006500
3/21/2013,25.74,25.74,24336100
3/22/2013,25.73,25.73,18456300
3/25/2013,25.129999,25.129999,39199000
3/26/2013,25.209999,25.209999,26957200
3/27/2013,26.09,26.09,52297400
3/28/2013,25.58,25.58,28585700
4/1/2013,25.530001,25.530001,22249300
4/2/2013,25.42,25.42,35153300
4/3/2013,26.25,26.25,48195200
4/4/2013,27.07,27.07,82016800
4/5/2013,27.389999,27.389999,64566600
4/8/2013,26.85,26.85,27256000
4/9/2013,26.59,26.59,21311100
4/10/2013,27.57,27.57,45949400
4/11/2013,28.02,28.02,33368500
4/12/2013,27.4,27.4,28697400
4/15/2013,26.52,26.52,30275400
4/16/2013,26.92,26.92,27365900
4/17/2013,26.629999,26.629999,26440600
4/18/2013,25.690001,25.690001,39059000
4/19/2013,25.73,25.73,20380900
4/22/2013,25.969999,25.969999,25687600
4/23/2013,25.98,25.98,25191500
4/24/2013,26.110001,26.110001,19729900
4/25/2013,26.139999,26.139999,17150000
4/26/2013,26.85,26.85,33018000
4/29/2013,26.98,26.98,29201100
4/30/2013,27.77,27.77,36245700
5/1/2013,27.43,27.43,64567600
5/2/2013,28.969999,28.969999,104257000
5/3/2013,28.309999,28.309999,58506400
5/6/2013,27.57,27.57,43939400
5/7/2013,26.889999,26.889999,41259100
5/8/2013,27.120001,27.120001,34654900
5/9/2013,27.040001,27.040001,33457200
5/10/2013,26.68,26.68,30847100
5/13/2013,26.82,26.82,29068800
5/14/2013,27.07,27.07,24930300
5/15/2013,26.6,26.6,30299800
5/16/2013,26.129999,26.129999,35499100
5/17/2013,26.25,26.25,29462700
5/20/2013,25.76,25.76,42402900
5/21/2013,25.66,25.66,26261300
5/22/2013,25.16,25.16,45314500
5/23/2013,25.059999,25.059999,37663100
5/24/2013,24.309999,24.309999,58727900
5/28/2013,24.1,24.1,50079700
5/29/2013,23.32,23.32,64237800
5/30/2013,24.549999,24.549999,60733200
5/31/2013,24.35,24.35,35925000
6/3/2013,23.85,23.85,35733800
6/4/2013,23.52,23.52,34760800
6/5/2013,22.9,22.9,53819700
6/6/2013,22.969999,22.969999,31260700
6/7/2013,23.290001,23.290001,38699200
6/10/2013,24.33,24.33,58393000
6/11/2013,24.030001,24.030001,29885900
6/12/2013,23.77,23.77,26445800
6/13/2013,23.73,23.73,31189300
6/14/2013,23.629999,23.629999,30677100
6/17/2013,24.02,24.02,33664500
6/18/2013,24.209999,24.209999,36709100
6/19/2013,24.309999,24.309999,31790600
6/20/2013,23.9,23.9,42765600
6/21/2013,24.530001,24.530001,45833900
6/24/2013,23.940001,23.940001,40626000
6/25/2013,24.25,24.25,24713200
6/26/2013,24.16,24.16,29890300
6/27/2013,24.66,24.66,34694100
6/28/2013,24.879999,24.879999,96778900
7/1/2013,24.809999,24.809999,20582200
7/2/2013,24.41,24.41,18394100
7/3/2013,24.52,24.52,10404400
7/5/2013,24.370001,24.370001,20229500
7/8/2013,24.709999,24.709999,27064600
7/9/2013,25.48,25.48,30387900
7/10/2013,25.799999,25.799999,26721800
7/11/2013,25.809999,25.809999,26777400
7/12/2013,25.91,25.91,16537900
7/15/2013,26.280001,26.280001,24234000
7/16/2013,26.32,26.32,30817600
7/17/2013,26.65,26.65,21518500
7/18/2013,26.18,26.18,24806900
7/19/2013,25.879999,25.879999,46539700
7/22/2013,26.049999,26.049999,27526300
7/23/2013,26.129999,26.129999,28221600
7/24/2013,26.51,26.51,82635600
7/25/2013,34.360001,34.360001,365457900
7/26/2013,34.009998,34.009998,136028900
7/29/2013,35.43,35.43,124718800
7/30/2013,37.630001,37.630001,173582800
7/31/2013,36.799999,36.799999,154828700
8/1/2013,37.490002,37.490002,106066500
8/2/2013,38.049999,38.049999,73058500
8/5/2013,39.189999,39.189999,79994800
8/6/2013,38.549999,38.549999,63950800
8/7/2013,38.869999,38.869999,68854800
8/8/2013,38.540001,38.540001,41301000
8/9/2013,38.5,38.5,43532300
8/12/2013,38.220001,38.220001,31161000
8/13/2013,37.02,37.02,65379200
8/14/2013,36.650002,36.650002,48423900
8/15/2013,36.560001,36.560001,56521100
8/16/2013,37.080002,37.080002,45840800
8/19/2013,37.810001,37.810001,57609600
8/20/2013,38.41,38.41,57995200
8/21/2013,38.32,38.32,46116900
8/22/2013,38.549999,38.549999,21931200
8/23/2013,40.549999,40.549999,86442300
8/26/2013,41.34,41.34,94162400
8/27/2013,39.639999,39.639999,72695100
8/28/2013,40.549999,40.549999,57918200
8/29/2013,41.279999,41.279999,58303400
8/30/2013,41.290001,41.290001,67735100
9/3/2013,41.869999,41.869999,48774900
9/4/2013,41.779999,41.779999,42581900
9/5/2013,42.66,42.66,50035400
9/6/2013,43.950001,43.950001,117535700
9/9/2013,44.040001,44.040001,75794700
9/10/2013,43.599998,43.599998,54540300
9/11/2013,45.040001,45.040001,72328300
9/12/2013,44.75,44.75,68072300
9/13/2013,44.310001,44.310001,52765300
9/16/2013,42.509998,42.509998,70424200
9/17/2013,45.07,45.07,91934600
9/18/2013,45.23,45.23,79317000
9/19/2013,45.98,45.98,63972400
9/20/2013,47.490002,47.490002,115508400
9/23/2013,47.189999,47.189999,75177000
9/24/2013,48.450001,48.450001,136716100
9/25/2013,49.459999,49.459999,87879700
9/26/2013,50.389999,50.389999,98220100
9/27/2013,51.240002,51.240002,81410500
9/30/2013,50.23,50.23,100095000
10/1/2013,50.419998,50.419998,98114000
10/2/2013,50.279999,50.279999,62834000
10/3/2013,49.18,49.18,82045000
10/4/2013,51.040001,51.040001,74447000
10/7/2013,50.52,50.52,57204000
10/8/2013,47.139999,47.139999,136081000
10/9/2013,46.77,46.77,147297000
10/10/2013,49.049999,49.049999,99774000
10/11/2013,49.110001,49.110001,58428000
10/14/2013,49.509998,49.509998,68781000
10/15/2013,49.5,49.5,81167000
10/16/2013,51.139999,51.139999,64678000
10/17/2013,52.209999,52.209999,71522000
10/18/2013,54.220001,54.220001,88260000
10/21/2013,53.849998,53.849998,58235000
10/22/2013,52.68,52.68,83204000
10/23/2013,51.900002,51.900002,57207000
10/24/2013,52.450001,52.450001,46775000
10/25/2013,51.950001,51.950001,45085000
10/28/2013,50.23,50.23,73472000
10/29/2013,49.400002,49.400002,102143000
10/30/2013,49.009998,49.009998,127073000
10/31/2013,50.209999,50.209999,248809000
11/1/2013,49.75,49.75,95033000
11/4/2013,48.220001,48.220001,80371000
11/5/2013,50.110001,50.110001,76835000
11/6/2013,49.119999,49.119999,67889000
11/7/2013,47.560001,47.560001,97128000
11/8/2013,47.529999,47.529999,70731000
11/11/2013,46.200001,46.200001,80910000
11/12/2013,46.610001,46.610001,68196000
11/13/2013,48.709999,48.709999,79245000
11/14/2013,48.990002,48.990002,75117000
11/15/2013,49.009998,49.009998,42453000
11/18/2013,45.830002,45.830002,85910000
11/19/2013,46.360001,46.360001,75602000
11/20/2013,46.43,46.43,53933000
11/21/2013,46.700001,46.700001,34886000
11/22/2013,46.23,46.23,40545000
11/25/2013,44.82,44.82,82565000
11/26/2013,45.889999,45.889999,82016000
11/27/2013,46.490002,46.490002,44993000
11/29/2013,47.009998,47.009998,22953900
12/2/2013,47.060001,47.060001,50774000
12/3/2013,46.73,46.73,32086000
12/4/2013,48.619999,48.619999,60890000
12/5/2013,48.34,48.34,43855000
12/6/2013,47.939999,47.939999,42938000
12/9/2013,48.84,48.84,36056000
12/10/2013,50.25,50.25,68479000
12/11/2013,49.380001,49.380001,65776000
12/12/2013,51.830002,51.830002,92723000
12/13/2013,53.32,53.32,82641000
12/16/2013,53.810001,53.810001,85119000
12/17/2013,54.860001,54.860001,78751000
12/18/2013,55.57,55.57,76003000
12/19/2013,55.049999,55.049999,89753200
12/20/2013,55.119999,55.119999,239824000
12/23/2013,57.77,57.77,98297000
12/24/2013,57.959999,57.959999,46617800
12/26/2013,57.73,57.73,55101000
12/27/2013,55.439999,55.439999,60466000
12/30/2013,53.709999,53.709999,68307000
12/31/2013,54.650002,54.650002,43076200
1/2/2014,54.709999,54.709999,43195500
1/3/2014,54.560001,54.560001,38246200
1/6/2014,57.200001,57.200001,68852600
1/7/2014,57.919998,57.919998,77207400
1/8/2014,58.23,58.23,56682400
1/9/2014,57.220001,57.220001,92253300
1/10/2014,57.939999,57.939999,42449500
1/13/2014,55.91,55.91,63010900
1/14/2014,57.740002,57.740002,37503600
1/15/2014,57.599998,57.599998,33663400
1/16/2014,57.189999,57.189999,34541800
1/17/2014,56.299999,56.299999,40849200
1/21/2014,58.509998,58.509998,48669200
1/22/2014,57.509998,57.509998,61352900
1/23/2014,56.630001,56.630001,47951800
1/24/2014,54.450001,54.450001,55200700
1/27/2014,53.549999,53.549999,73924100
1/28/2014,55.139999,55.139999,48191200
1/29/2014,53.529999,53.529999,92995600
1/30/2014,61.080002,61.080002,150178900
1/31/2014,62.57,62.57,87794600
2/3/2014,61.48,61.48,74866600
2/4/2014,62.75,62.75,45985500
2/5/2014,62.189999,62.189999,51685100
2/6/2014,62.16,62.16,42086500
2/7/2014,64.32,64.32,60704300
2/10/2014,63.549999,63.549999,43666100
2/11/2014,64.849998,64.849998,45675600
2/12/2014,64.449997,64.449997,47282100
2/13/2014,67.330002,67.330002,61911700
2/14/2014,67.089996,67.089996,36694900
2/18/2014,67.300003,67.300003,43809900
2/19/2014,68.059998,68.059998,62087100
2/20/2014,69.629997,69.629997,130928900
2/21/2014,68.589996,68.589996,70932400
2/24/2014,70.779999,70.779999,76620300
2/25/2014,69.849998,69.849998,52077000
2/26/2014,69.260002,69.260002,55322700
2/27/2014,68.940002,68.940002,41653700
2/28/2014,68.459999,68.459999,66783700
3/3/2014,67.410004,67.410004,56824100
3/4/2014,68.800003,68.800003,42013500
3/5/2014,71.57,71.57,74567700
3/6/2014,70.839996,70.839996,46026500
3/7/2014,69.800003,69.800003,38927000
3/10/2014,72.029999,72.029999,59871600
3/11/2014,70.099998,70.099998,59408300
3/12/2014,70.879997,70.879997,46340500
3/13/2014,68.830002,68.830002,57091000
3/14/2014,67.720001,67.720001,48227000
3/17/2014,68.739998,68.739998,52197000
3/18/2014,69.190002,69.190002,40827000
3/19/2014,68.239998,68.239998,43981000
3/20/2014,66.970001,66.970001,44439000
3/21/2014,67.239998,67.239998,59999900
3/24/2014,64.099998,64.099998,85696000
3/25/2014,64.889999,64.889999,68786000
3/26/2014,60.389999,60.389999,97503900
3/27/2014,60.970001,60.970001,112650000
3/28/2014,60.009998,60.009998,67052000
3/31/2014,60.240002,60.240002,53011000
4/1/2014,62.619999,62.619999,59291000
4/2/2014,62.720001,62.720001,66277000
4/3/2014,59.490002,59.490002,83859000
4/4/2014,56.75,56.75,125214400
4/7/2014,56.950001,56.950001,108488000
4/8/2014,58.189999,58.189999,78836000
4/9/2014,62.41,62.41,100215000
4/10/2014,59.16,59.16,114988000
4/11/2014,58.529999,58.529999,91452000
4/14/2014,58.889999,58.889999,72325000
4/15/2014,59.09,59.09,108623000
4/16/2014,59.720001,59.720001,78774000
4/17/2014,58.939999,58.939999,88040000
4/21/2014,61.240002,61.240002,60364000
4/22/2014,63.029999,63.029999,60631000
4/23/2014,61.360001,61.360001,95908700
4/24/2014,60.869999,60.869999,138769000
4/25/2014,57.709999,57.709999,92502000
4/28/2014,56.139999,56.139999,107758000
4/29/2014,58.150002,58.150002,75557000
4/30/2014,59.779999,59.779999,76093000
5/1/2014,61.150002,61.150002,82429000
5/2/2014,60.459999,60.459999,54189000
5/5/2014,61.220001,61.220001,46057000
5/6/2014,58.529999,58.529999,55901000
5/7/2014,57.389999,57.389999,78587000
5/8/2014,56.759998,56.759998,61251000
5/9/2014,57.240002,57.240002,52584000
5/12/2014,59.830002,59.830002,48575000
5/13/2014,59.830002,59.830002,48525000
5/14/2014,59.23,59.23,47429000
5/15/2014,57.919998,57.919998,56814000
5/16/2014,58.02,58.02,47933000
5/19/2014,59.209999,59.209999,43034000
5/20/2014,58.560001,58.560001,53931000
5/21/2014,60.490002,60.490002,58992000
5/22/2014,60.52,60.52,54200000
5/23/2014,61.349998,61.349998,38294000
5/27/2014,63.48,63.48,55682000
5/28/2014,63.509998,63.509998,47795000
5/29/2014,63.830002,63.830002,42700000
5/30/2014,63.299999,63.299999,45253500
6/2/2014,63.080002,63.080002,35996000
6/3/2014,62.869999,62.869999,32217000
6/4/2014,63.34,63.34,36514000
6/5/2014,63.189999,63.189999,47352000
6/6/2014,62.5,62.5,42442000
6/9/2014,62.880001,62.880001,37617000
6/10/2014,65.769997,65.769997,69338000
6/11/2014,65.779999,65.779999,44242000
6/12/2014,64.290001,64.290001,55730000
6/13/2014,64.5,64.5,29419000
6/16/2014,64.190002,64.190002,31046000
6/17/2014,64.400002,64.400002,27715000
6/18/2014,65.599998,65.599998,35570000
6/19/2014,64.339996,64.339996,34245000
6/20/2014,64.5,64.5,46466000
6/23/2014,65.370003,65.370003,34560000
6/24/2014,65.720001,65.720001,57335000
6/25/2014,67.440002,67.440002,44308000
6/26/2014,67.129997,67.129997,47714000
6/27/2014,67.599998,67.599998,46461000
6/30/2014,67.290001,67.290001,27102800
7/1/2014,68.059998,68.059998,33243000
7/2/2014,66.449997,66.449997,41895000
7/3/2014,66.290001,66.290001,25203200
7/7/2014,65.290001,65.290001,28745000
7/8/2014,62.759998,62.759998,68926000
7/9/2014,64.970001,64.970001,51432000
7/10/2014,64.870003,64.870003,44422000
7/11/2014,66.339996,66.339996,39212000
7/14/2014,67.900002,67.900002,38537000
7/15/2014,67.169998,67.169998,44213200
7/16/2014,67.660004,67.660004,29541600
7/17/2014,66.410004,66.410004,38188000
7/18/2014,68.419998,68.419998,42456000
7/21/2014,69.400002,69.400002,49539000
7/22/2014,69.269997,69.269997,40398000
7/23/2014,71.290001,71.290001,78435000
7/24/2014,74.980003,74.980003,124168000
7/25/2014,75.190002,75.190002,45917000
7/28/2014,74.919998,74.919998,41725000
7/29/2014,73.709999,73.709999,41324000
7/30/2014,74.68,74.68,36853000
7/31/2014,72.650002,72.650002,43992000
8/1/2014,72.360001,72.360001,43535000
8/4/2014,73.510002,73.510002,30777000
8/5/2014,72.690002,72.690002,34986000
8/6/2014,72.470001,72.470001,30986000
8/7/2014,73.169998,73.169998,38141000
8/8/2014,73.059998,73.059998,27202000
8/11/2014,73.440002,73.440002,24591000
8/12/2014,72.830002,72.830002,27419000
8/13/2014,73.769997,73.769997,29266000
8/14/2014,74.300003,74.300003,22207000
8/15/2014,73.629997,73.629997,38846600
8/18/2014,74.589996,74.589996,23974000
8/19/2014,75.290001,75.290001,26679000
8/20/2014,74.809998,74.809998,22917000
8/21/2014,74.57,74.57,20102000
8/22/2014,74.57,74.57,20897000
8/25/2014,75.019997,75.019997,19734000
8/26/2014,75.959999,75.959999,23993000
8/27/2014,74.629997,74.629997,36323000
8/28/2014,73.860001,73.860001,21947000
8/29/2014,74.82,74.82,26241000
9/2/2014,76.68,76.68,34979000
9/3/2014,75.830002,75.830002,32389000
9/4/2014,75.949997,75.949997,26676000
9/5/2014,77.260002,77.260002,29476000
9/8/2014,77.889999,77.889999,28183000
9/9/2014,76.669998,76.669998,28882000
9/10/2014,77.43,77.43,29909000
9/11/2014,77.919998,77.919998,32219000
9/12/2014,77.480003,77.480003,26676800
9/15/2014,74.580002,74.580002,49679000
9/16/2014,76.080002,76.080002,37742000
9/17/2014,76.43,76.43,28693000
9/18/2014,77,77,23031000
9/19/2014,77.910004,77.910004,76671000
9/22/2014,76.800003,76.800003,31961000
9/23/2014,78.290001,78.290001,36814000
9/24/2014,78.540001,78.540001,30680000
9/25/2014,77.220001,77.220001,37533000
9/26/2014,78.790001,78.790001,28872000
9/29/2014,79,79,34031000
9/30/2014,79.040001,79.040001,35899000
10/1/2014,76.550003,76.550003,55090000
10/2/2014,77.080002,77.080002,36488000
10/3/2014,77.440002,77.440002,23340000
10/6/2014,77.559998,77.559998,25729000
10/7/2014,76.290001,76.290001,25317000
10/8/2014,77.519997,77.519997,32976000
10/9/2014,75.910004,75.910004,32487000
10/10/2014,72.910004,72.910004,52146000
10/13/2014,72.989998,72.989998,43938000
10/14/2014,73.589996,73.589996,50299000
10/15/2014,73.209999,73.209999,61528000
10/16/2014,72.629997,72.629997,53529000
10/17/2014,75.949997,75.949997,76342000
10/20/2014,76.949997,76.949997,34701000
10/21/2014,78.690002,78.690002,32252000
10/22/2014,78.370003,78.370003,41862000
10/23/2014,80.040001,80.040001,35056000
10/24/2014,80.669998,80.669998,32248000
10/27/2014,80.279999,80.279999,30169000
10/28/2014,80.769997,80.769997,74212000
10/29/2014,75.860001,75.860001,106120000
10/30/2014,74.110001,74.110001,83270000
10/31/2014,74.989998,74.989998,44544000
11/3/2014,73.879997,73.879997,40727000
11/4/2014,75.760002,75.760002,39326000
11/5/2014,74.830002,74.830002,35913000
11/6/2014,75.260002,75.260002,21383000
11/7/2014,75.599998,75.599998,20774000
11/10/2014,75,75,21575100
11/11/2014,74.610001,74.610001,18715700
11/12/2014,74.720001,74.720001,26536600
11/13/2014,74.25,74.25,26448500
11/14/2014,74.879997,74.879997,19476900
11/17/2014,74.239998,74.239998,28701200
11/18/2014,74.339996,74.339996,20690500
11/19/2014,73.330002,73.330002,25441200
11/20/2014,73.599998,73.599998,19154900
11/21/2014,73.75,73.75,23060400
11/24/2014,74.010002,74.010002,22103800
11/25/2014,75.629997,75.629997,32250200
11/26/2014,77.620003,77.620003,32695300
11/28/2014,77.699997,77.699997,15992000
12/1/2014,75.099998,75.099998,31789900
12/2/2014,75.459999,75.459999,16773900
12/3/2014,74.879997,74.879997,16689900
12/4/2014,75.239998,75.239998,14362800
12/5/2014,76.360001,76.360001,24306400
12/8/2014,76.519997,76.519997,25733900
12/9/2014,76.839996,76.839996,25358600
12/10/2014,76.18,76.18,32210500
12/11/2014,77.730003,77.730003,33462100
12/12/2014,77.830002,77.830002,28091600
12/15/2014,76.989998,76.989998,29396500
12/16/2014,74.690002,74.690002,31554600
12/17/2014,76.110001,76.110001,29203900
12/18/2014,78.400002,78.400002,34222100
12/19/2014,79.879997,79.879997,43335000
12/22/2014,81.449997,81.449997,31395800
12/23/2014,80.610001,80.610001,19865800
12/24/2014,80.769997,80.769997,7685500
12/26/2014,80.779999,80.779999,10647400
12/29/2014,80.019997,80.019997,14134700
12/30/2014,79.220001,79.220001,14370800
12/31/2014,78.019997,78.019997,19935400
1/2/2015,78.449997,78.449997,18177500
1/5/2015,77.190002,77.190002,26452200
1/6/2015,76.150002,76.150002,27399300
1/7/2015,76.150002,76.150002,22045300
1/8/2015,78.18,78.18,23961000
1/9/2015,77.739998,77.739998,21157000
1/12/2015,76.720001,76.720001,19190200
1/13/2015,76.449997,76.449997,25179600
1/14/2015,76.279999,76.279999,25918600
1/15/2015,74.050003,74.050003,34134000
1/16/2015,75.18,75.18,21791500
1/20/2015,76.239998,76.239998,22821600
1/21/2015,76.739998,76.739998,25096700
1/22/2015,77.650002,77.650002,19519500
1/23/2015,77.830002,77.830002,16746500
1/26/2015,77.5,77.5,19260800
1/27/2015,75.779999,75.779999,20110000
1/28/2015,76.239998,76.239998,53306400
1/29/2015,78,78,61293500
1/30/2015,75.910004,75.910004,42649500
2/2/2015,74.989998,74.989998,41955300
2/3/2015,75.400002,75.400002,26957700
2/4/2015,75.629997,75.629997,20277400
2/5/2015,75.610001,75.610001,15062600
2/6/2015,74.470001,74.470001,21211000
2/9/2015,74.440002,74.440002,16194300
2/10/2015,75.190002,75.190002,15811300
2/11/2015,76.510002,76.510002,20877400
2/12/2015,76.230003,76.230003,17235000
2/13/2015,75.739998,75.739998,18621900
2/17/2015,75.599998,75.599998,25254400
2/18/2015,76.709999,76.709999,22426400
2/19/2015,79.419998,79.419998,45851200
2/20/2015,79.900002,79.900002,36931700
2/23/2015,78.839996,78.839996,24139100
2/24/2015,78.449997,78.449997,18897100
2/25/2015,79.559998,79.559998,25593800
2/26/2015,80.410004,80.410004,31111900
2/27/2015,78.970001,78.970001,30739200
3/2/2015,79.75,79.75,21662500
3/3/2015,79.599998,79.599998,18635000
3/4/2015,80.900002,80.900002,28126700
3/5/2015,81.209999,81.209999,27825700
3/6/2015,80.010002,80.010002,24488600
3/9/2015,79.440002,79.440002,18925100
3/10/2015,77.550003,77.550003,23067100
3/11/2015,77.57,77.57,20215700
3/12/2015,78.93,78.93,16093300
3/13/2015,78.050003,78.050003,18557300
3/16/2015,78.07,78.07,19305400
3/17/2015,79.360001,79.360001,22170000
3/18/2015,80.910004,80.910004,36912400
3/19/2015,82.75,82.75,42099500
3/20/2015,83.800003,83.800003,44466300
3/23/2015,84.43,84.43,27357300
3/24/2015,85.309998,85.309998,32576500
3/25/2015,82.919998,82.919998,37436100
3/26/2015,83.010002,83.010002,32794800
3/27/2015,83.300003,83.300003,18372600
3/30/2015,83.199997,83.199997,24527700
3/31/2015,82.220001,82.220001,19734300
4/1/2015,81.669998,81.669998,22058200
4/2/2015,81.559998,81.559998,19664100
4/6/2015,82.440002,82.440002,19062900
4/7/2015,82.32,82.32,17467000
4/8/2015,82.279999,82.279999,18966700
4/9/2015,82.169998,82.169998,15927300
4/10/2015,82.040001,82.040001,12529700
4/13/2015,83.010002,83.010002,26883100
4/14/2015,83.519997,83.519997,19634200
4/15/2015,82.709999,82.709999,22390900
4/16/2015,82.309998,82.309998,13769700
4/17/2015,80.779999,80.779999,24215000
4/20/2015,83.089996,83.089996,28796800
4/21/2015,83.620003,83.620003,27171900
4/22/2015,84.629997,84.629997,45548000
4/23/2015,82.410004,82.410004,73728100
4/24/2015,81.529999,81.529999,29660400
4/27/2015,81.910004,81.910004,25446000
4/28/2015,80.68,80.68,23775300
4/29/2015,80.470001,80.470001,26430300
4/30/2015,78.769997,78.769997,28999000
5/1/2015,78.989998,78.989998,24136400
5/4/2015,78.809998,78.809998,14692000
5/5/2015,77.559998,77.559998,22311300
5/6/2015,78.099998,78.099998,28663000
5/7/2015,78.43,78.43,19749400
5/8/2015,78.510002,78.510002,19943600
5/11/2015,78.010002,78.010002,18874100
5/12/2015,77.459999,77.459999,21285300
5/13/2015,78.440002,78.440002,21512300
5/14/2015,81.370003,81.370003,49438000
5/15/2015,80.419998,80.419998,27069900
5/18/2015,80.879997,80.879997,21613700
5/19/2015,80.629997,80.629997,17955400
5/20/2015,80.550003,80.550003,23056900
5/21/2015,80.480003,80.480003,13402700
5/22/2015,80.540001,80.540001,19567900
5/26/2015,79.330002,79.330002,16321300
5/27/2015,80.550003,80.550003,14160900
5/28/2015,80.150002,80.150002,11982000
5/29/2015,79.190002,79.190002,16134600
6/1/2015,80.290001,80.290001,18119000
6/2/2015,80.440002,80.440002,18923300
6/3/2015,82.440002,82.440002,31775000
6/4/2015,82.050003,82.050003,20863900
6/5/2015,82.139999,82.139999,16143100
6/8/2015,80.669998,80.669998,16915500
6/9/2015,80.669998,80.669998,16497500
6/10/2015,82.160004,82.160004,21531200
6/11/2015,81.830002,81.830002,18656800
6/12/2015,81.529999,81.529999,11417900
6/15/2015,80.709999,80.709999,18805100
6/16/2015,81.059998,81.059998,13693700
6/17/2015,81.790001,81.790001,18350300
6/18/2015,82.910004,82.910004,26782600
6/19/2015,82.510002,82.510002,23353200
6/22/2015,84.739998,84.739998,29383100
6/23/2015,87.879997,87.879997,50667900
6/24/2015,88.860001,88.860001,41370200
6/25/2015,87.980003,87.980003,27302000
6/26/2015,88.010002,88.010002,38214600
6/29/2015,85.800003,85.800003,35957900
6/30/2015,85.769997,85.769997,23016500
7/1/2015,86.910004,86.910004,25260000
7/2/2015,87.290001,87.290001,16908800
7/6/2015,87.550003,87.550003,24635900
7/7/2015,87.220001,87.220001,33059900
7/8/2015,85.650002,85.650002,24399300
7/9/2015,85.879997,85.879997,23307400
7/10/2015,87.949997,87.949997,23245900
7/13/2015,90.099998,90.099998,29976700
7/14/2015,89.68,89.68,26627800
7/15/2015,89.760002,89.760002,30886600
7/16/2015,90.849998,90.849998,21804100
7/17/2015,94.970001,94.970001,54001600
7/20/2015,97.910004,97.910004,54860500
7/21/2015,98.389999,98.389999,39453300
7/22/2015,97.040001,97.040001,28299500
7/23/2015,95.440002,95.440002,29418800
7/24/2015,96.949997,96.949997,33444900
7/27/2015,94.169998,94.169998,38585400
7/28/2015,95.290001,95.290001,35236000
7/29/2015,96.989998,96.989998,64648300
7/30/2015,95.209999,95.209999,86211300
7/31/2015,94.010002,94.010002,46509000
8/3/2015,94.139999,94.139999,29343100
8/4/2015,94.059998,94.059998,20136000
8/5/2015,96.440002,96.440002,29813200
8/6/2015,95.120003,95.120003,42271300
8/7/2015,94.300003,94.300003,23199100
8/10/2015,94.150002,94.150002,21624200
8/11/2015,93.620003,93.620003,22491000
8/12/2015,94.190002,94.190002,27050500
8/13/2015,93.43,93.43,17451800
8/14/2015,94.419998,94.419998,15929700
8/17/2015,93.93,93.93,18313500
8/18/2015,95.169998,95.169998,22278800
8/19/2015,95.309998,95.309998,23251300
8/20/2015,90.559998,90.559998,44598200
8/21/2015,86.059998,86.059998,62778700
8/24/2015,82.089996,82.089996,83710700
8/25/2015,83,83,52021200
8/26/2015,87.190002,87.190002,45124300
8/27/2015,89.730003,89.730003,42431400
8/28/2015,91.010002,91.010002,33215900
8/31/2015,89.43,89.43,32850700
9/1/2015,87.230003,87.230003,36097400
9/2/2015,89.889999,89.889999,27190500
9/3/2015,88.150002,88.150002,27048200
9/4/2015,88.260002,88.260002,27328700
9/8/2015,89.529999,89.529999,27012500
9/9/2015,90.440002,90.440002,32551100
9/10/2015,91.980003,91.980003,26437400
9/11/2015,92.050003,92.050003,21185000
9/14/2015,92.309998,92.309998,20127900
9/15/2015,92.900002,92.900002,18859400
9/16/2015,93.449997,93.449997,16321200
9/17/2015,94.339996,94.339996,27841800
9/18/2015,94.400002,94.400002,62300000
9/21/2015,95.550003,95.550003,28790000
9/22/2015,92.959999,92.959999,36888900
9/23/2015,93.970001,93.970001,21701400
9/24/2015,94.410004,94.410004,29106000
9/25/2015,92.769997,92.769997,28961600
9/28/2015,89.209999,89.209999,41199900
9/29/2015,86.669998,86.669998,42281800
9/30/2015,89.900002,89.900002,36169100
10/1/2015,90.949997,90.949997,29283700
10/2/2015,92.07,92.07,37881700
10/5/2015,94.010002,94.010002,27292500
10/6/2015,92.800003,92.800003,22172800
10/7/2015,92.400002,92.400002,24129300
10/8/2015,92.470001,92.470001,27290500
10/9/2015,93.239998,93.239998,20012900
10/12/2015,94.260002,94.260002,18449600
10/13/2015,94.120003,94.120003,19480300
10/14/2015,94.07,94.07,19253400
10/15/2015,95.959999,95.959999,27557500
10/16/2015,97.540001,97.540001,25412900
10/19/2015,98.470001,98.470001,23729900
10/20/2015,97,97,30881800
10/21/2015,97.110001,97.110001,21917800
10/22/2015,99.669998,99.669998,26392100
10/23/2015,102.190002,102.190002,42809700
10/26/2015,103.769997,103.769997,25961200
10/27/2015,103.699997,103.699997,23795500
10/28/2015,104.199997,104.199997,24081500
10/29/2015,104.879997,104.879997,20316700
10/30/2015,101.970001,101.970001,33487100
11/2/2015,103.309998,103.309998,24003900
11/3/2015,102.580002,102.580002,21242300
11/4/2015,103.940002,103.940002,43469300
11/5/2015,108.760002,108.760002,63232900
11/6/2015,107.099998,107.099998,35084300
11/9/2015,106.489998,106.489998,26383500
11/10/2015,107.910004,107.910004,25031700
11/11/2015,109.010002,109.010002,25057100
11/12/2015,108.019997,108.019997,20924700
11/13/2015,103.949997,103.949997,30278400
11/16/2015,104.040001,104.040001,49309200
11/17/2015,105.129997,105.129997,26807200
11/18/2015,107.769997,107.769997,23836500
11/19/2015,106.260002,106.260002,25520600
11/20/2015,107.32,107.32,22129600
11/23/2015,106.949997,106.949997,19897200
11/24/2015,105.739998,105.739998,23577300
11/25/2015,105.410004,105.410004,15150800
11/27/2015,105.449997,105.449997,5913100
11/30/2015,104.239998,104.239998,20383200
12/1/2015,107.120003,107.120003,22781900
12/2/2015,106.07,106.07,24429100
12/3/2015,104.379997,104.379997,23236500
12/4/2015,106.18,106.18,21224700
12/7/2015,105.610001,105.610001,15474900
12/8/2015,106.489998,106.489998,20401800
12/9/2015,104.599998,104.599998,23517300
12/10/2015,105.419998,105.419998,17454300
12/11/2015,102.120003,102.120003,26427700
12/14/2015,104.660004,104.660004,24648100
12/15/2015,104.550003,104.550003,21764300
12/16/2015,106.790001,106.790001,22680500
12/17/2015,106.220001,106.220001,21675700
12/18/2015,104.040001,104.040001,35994200
12/21/2015,104.769997,104.769997,16138800
12/22/2015,105.510002,105.510002,14597100
12/23/2015,104.629997,104.629997,19599700
12/24/2015,105.019997,105.019997,6501800
12/28/2015,105.93,105.93,13069700
12/29/2015,107.260002,107.260002,17179900
12/30/2015,106.220001,106.220001,13115000
12/31/2015,104.660004,104.660004,18391100
1/4/2016,102.220001,102.220001,37912400
1/5/2016,102.730003,102.730003,23258200
1/6/2016,102.970001,102.970001,25096200
1/7/2016,97.919998,97.919998,45172900
1/8/2016,97.330002,97.330002,35402300
1/11/2016,97.510002,97.510002,29932400
1/12/2016,99.370003,99.370003,28395400
1/13/2016,95.440002,95.440002,33410600
1/14/2016,98.370003,98.370003,48658600
1/15/2016,94.970001,94.970001,46132800
1/19/2016,95.260002,95.260002,30998300
1/20/2016,94.349998,94.349998,59051400
1/21/2016,94.160004,94.160004,30518900
1/22/2016,97.940002,97.940002,30495400
1/25/2016,97.010002,97.010002,32482000
1/26/2016,97.339996,97.339996,26877100
1/27/2016,94.449997,94.449997,58699400
1/28/2016,109.110001,109.110001,107475300
1/29/2016,112.209999,112.209999,62739500
2/1/2016,115.089996,115.089996,46132700
2/2/2016,114.610001,114.610001,59778600
2/3/2016,112.690002,112.690002,56919300
2/4/2016,110.489998,110.489998,38890200
2/5/2016,104.07,104.07,76894700
2/8/2016,99.75,99.75,71229700
2/9/2016,99.540001,99.540001,62709000
2/10/2016,101,101,45179400
2/11/2016,101.910004,101.910004,43670600
2/12/2016,102.010002,102.010002,36176800
2/16/2016,101.610001,101.610001,45687200
2/17/2016,105.199997,105.199997,44073400
2/18/2016,103.470001,103.470001,29593500
2/19/2016,104.57,104.57,32404500
2/22/2016,107.160004,107.160004,35709700
2/23/2016,105.459999,105.459999,25319300
2/24/2016,106.879997,106.879997,34412400
2/25/2016,108.07,108.07,29906300
2/26/2016,107.919998,107.919998,26686200
2/29/2016,106.919998,106.919998,32779000
3/1/2016,109.82,109.82,26817300
3/2/2016,109.949997,109.949997,25670200
3/3/2016,109.580002,109.580002,21353100
3/4/2016,108.389999,108.389999,24938900
3/7/2016,105.730003,105.730003,31436400
3/8/2016,105.93,105.93,25617000
3/9/2016,107.510002,107.510002,20493300
3/10/2016,107.32,107.32,24854300
3/11/2016,109.410004,109.410004,20697600
3/14/2016,109.889999,109.889999,17249400
3/15/2016,110.669998,110.669998,17618500
3/16/2016,112.18,112.18,24744800
3/17/2016,111.019997,111.019997,24241200
3/18/2016,111.449997,111.449997,36256900
3/21/2016,111.849998,111.849998,18448000
3/22/2016,112.25,112.25,19001100
3/23/2016,112.540001,112.540001,18562000
3/24/2016,113.050003,113.050003,17839100
3/28/2016,113.690002,113.690002,21351800
3/29/2016,116.139999,116.139999,29825300
3/30/2016,114.699997,114.699997,33235200
3/31/2016,114.099998,114.099998,21207500
4/1/2016,116.059998,116.059998,24760500
4/4/2016,112.550003,112.550003,48487900
4/5/2016,112.220001,112.220001,22962400
4/6/2016,113.709999,113.709999,20814600
4/7/2016,113.639999,113.639999,20714500
4/8/2016,110.629997,110.629997,48497800
4/11/2016,108.989998,108.989998,39762300
4/12/2016,110.610001,110.610001,26248100
4/13/2016,110.510002,110.510002,88227400
4/14/2016,110.839996,110.839996,28473300
4/15/2016,109.639999,109.639999,20922800
4/18/2016,110.449997,110.449997,21167200
4/19/2016,112.290001,112.290001,30210500
4/20/2016,112.419998,112.419998,21027900
4/21/2016,113.440002,113.440002,20875200
4/22/2016,110.559998,110.559998,38458200
4/25/2016,110.099998,110.099998,21017900
4/26/2016,108.760002,108.760002,22521500
4/27/2016,108.889999,108.889999,52213100
4/28/2016,116.730003,116.730003,87110100
4/29/2016,117.580002,117.580002,37140600
5/2/2016,118.57,118.57,28095200
5/3/2016,117.43,117.43,24117500
5/4/2016,118.059998,118.059998,23448400
5/5/2016,117.809998,117.809998,22056700
5/6/2016,119.489998,119.489998,26395600
5/9/2016,119.239998,119.239998,21138100
5/10/2016,120.5,120.5,23220000
5/11/2016,119.519997,119.519997,22038400
5/12/2016,120.279999,120.279999,22035500
5/13/2016,119.809998,119.809998,18124300
5/16/2016,118.669998,118.669998,31247800
5/17/2016,117.349998,117.349998,21328600
5/18/2016,117.650002,117.650002,21642300
5/19/2016,116.809998,116.809998,20544100
5/20/2016,117.349998,117.349998,18944800
5/23/2016,115.970001,115.970001,20441000
5/24/2016,117.699997,117.699997,20183600
5/25/2016,117.889999,117.889999,20019800
5/26/2016,119.470001,119.470001,18481300
5/27/2016,119.379997,119.379997,13493600
5/31/2016,118.809998,118.809998,23547600
6/1/2016,118.779999,118.779999,15029500
6/2/2016,118.93,118.93,13228300
6/3/2016,118.470001,118.470001,14135100
6/6/2016,118.790001,118.790001,12744700
6/7/2016,117.760002,117.760002,17103000
6/8/2016,118.389999,118.389999,14505600
6/9/2016,118.559998,118.559998,13859200
6/10/2016,116.620003,116.620003,18510800
6/13/2016,113.949997,113.949997,31718200
6/14/2016,114.940002,114.940002,17618500
6/15/2016,114.599998,114.599998,19819400
6/16/2016,114.389999,114.389999,19236300
6/17/2016,113.019997,113.019997,24644300
6/20/2016,113.370003,113.370003,20785400
6/21/2016,114.379997,114.379997,19166300
6/22/2016,113.910004,113.910004,14846300
6/23/2016,115.080002,115.080002,16176900
6/24/2016,112.080002,112.080002,40643100
6/27/2016,108.970001,108.970001,36130400
6/28/2016,112.699997,112.699997,26813800
6/29/2016,114.160004,114.160004,20968300
6/30/2016,114.279999,114.279999,23192700
7/1/2016,114.190002,114.190002,14980000
7/5/2016,114.199997,114.199997,14207000
7/6/2016,116.699997,116.699997,24337600
7/7/2016,115.849998,115.849998,16630200
7/8/2016,117.239998,117.239998,18142600
7/11/2016,117.870003,117.870003,17711600
7/12/2016,117.93,117.93,15217700
7/13/2016,116.779999,116.779999,16207700
7/14/2016,117.290001,117.290001,14579700
7/15/2016,116.860001,116.860001,16646000
7/18/2016,119.370003,119.370003,20868400
7/19/2016,120.610001,120.610001,21541300
7/20/2016,121.919998,121.919998,20046500
7/21/2016,120.610001,120.610001,17801700
7/22/2016,121,121,18422400
7/25/2016,121.629997,121.629997,18487400
7/26/2016,121.220001,121.220001,17612000
7/27/2016,123.339996,123.339996,52654200
7/28/2016,125,125,78955800
7/29/2016,123.940002,123.940002,35058800
8/1/2016,124.309998,124.309998,25006900
8/2/2016,123.089996,123.089996,23968400
8/3/2016,122.510002,122.510002,18525300
8/4/2016,124.360001,124.360001,21066000
8/5/2016,125.150002,125.150002,20184000
8/8/2016,125.260002,125.260002,15233900
8/9/2016,125.059998,125.059998,19621000
8/10/2016,124.879997,124.879997,10670100
8/11/2016,124.900002,124.900002,11729500
8/12/2016,124.879997,124.879997,12159000
8/15/2016,123.900002,123.900002,19295100
8/16/2016,123.300003,123.300003,14222400
8/17/2016,124.370003,124.370003,13794200
8/18/2016,123.910004,123.910004,12400800
8/19/2016,123.559998,123.559998,11688300
8/22/2016,124.150002,124.150002,14386400
8/23/2016,124.370003,124.370003,13309500
8/24/2016,123.480003,123.480003,12243700
8/25/2016,123.889999,123.889999,10730800
8/26/2016,124.959999,124.959999,17504800
8/29/2016,126.540001,126.540001,15925900
8/30/2016,125.839996,125.839996,17804300
8/31/2016,126.120003,126.120003,14200600
9/1/2016,126.169998,126.169998,13536100
9/2/2016,126.510002,126.510002,12118800
9/6/2016,129.729996,129.729996,26278400
9/7/2016,131.050003,131.050003,27990800
9/8/2016,130.270004,130.270004,15676600
9/9/2016,127.099998,127.099998,27100700
9/12/2016,128.690002,128.690002,21252800
9/13/2016,127.209999,127.209999,18016200
9/14/2016,127.769997,127.769997,15691100
9/15/2016,128.350006,128.350006,15077200
9/16/2016,129.070007,129.070007,24119200
9/19/2016,128.649994,128.649994,14958800
9/20/2016,128.639999,128.639999,11083800
9/21/2016,129.940002,129.940002,14068300
9/22/2016,130.080002,130.080002,15538300
9/23/2016,127.959999,127.959999,28326300
9/26/2016,127.309998,127.309998,15064900
9/27/2016,128.690002,128.690002,15637100
9/28/2016,129.229996,129.229996,12047600
9/29/2016,128.089996,128.089996,14532200
9/30/2016,128.270004,128.270004,18402900
10/3/2016,128.770004,128.770004,13156900
10/4/2016,128.190002,128.190002,14307500
10/5/2016,128.470001,128.470001,12386800
10/6/2016,128.740005,128.740005,11682700
10/7/2016,128.990005,128.990005,12804400
10/10/2016,130.240005,130.240005,15138700
10/11/2016,128.880005,128.880005,17537900
10/12/2016,129.050003,129.050003,11073000
10/13/2016,127.82,127.82,17139300
10/14/2016,127.879997,127.879997,13345300
10/17/2016,127.540001,127.540001,11351700
10/18/2016,128.570007,128.570007,13504000
10/19/2016,130.110001,130.110001,16752300
10/20/2016,130,130,13167500
10/21/2016,132.070007,132.070007,19088800
10/24/2016,133.279999,133.279999,17470200
10/25/2016,132.289993,132.289993,13336800
10/26/2016,131.039993,131.039993,13084700
10/27/2016,129.690002,129.690002,16741400
10/28/2016,131.289993,131.289993,24545500
10/31/2016,130.990005,130.990005,15669000
11/1/2016,129.5,129.5,22077800
11/2/2016,127.169998,127.169998,39640900
11/3/2016,120,120,63766300
11/4/2016,120.75,120.75,30545500
11/7/2016,122.150002,122.150002,23008900
11/8/2016,124.220001,124.220001,19460800
11/9/2016,123.18,123.18,31916000
11/10/2016,120.800003,120.800003,67846700
11/11/2016,119.019997,119.019997,32840100
11/14/2016,115.080002,115.080002,51377000
11/15/2016,117.199997,117.199997,34681400
11/16/2016,116.339996,116.339996,32397900
11/17/2016,117.790001,117.790001,18597800
11/18/2016,117.019997,117.019997,22879300
11/21/2016,121.769997,121.769997,35415400
11/22/2016,121.470001,121.470001,26089200
11/23/2016,120.839996,120.839996,15672100
11/25/2016,120.379997,120.379997,8658600
11/28/2016,120.410004,120.410004,18101300
11/29/2016,120.870003,120.870003,18891000
11/30/2016,118.419998,118.419998,30188900
12/1/2016,115.099998,115.099998,43277000
12/2/2016,115.400002,115.400002,25070400
12/5/2016,117.43,117.43,20201500
12/6/2016,117.309998,117.309998,19131200
12/7/2016,117.949997,117.949997,21913700
12/8/2016,118.910004,118.910004,22442800
12/9/2016,119.68,119.68,17464700
12/12/2016,117.769997,117.769997,17805500
12/13/2016,120.309998,120.309998,29768000
12/14/2016,120.209999,120.209999,25913100
12/15/2016,120.57,120.57,20139600
12/16/2016,119.870003,119.870003,25324300
12/19/2016,119.239998,119.239998,15918100
12/20/2016,119.089996,119.089996,13684400
12/21/2016,119.040001,119.040001,10767600
12/22/2016,117.400002,117.400002,16258600
12/23/2016,117.269997,117.269997,10890000
12/27/2016,118.010002,118.010002,12051500
12/28/2016,116.919998,116.919998,12087400
12/29/2016,116.349998,116.349998,9934900
12/30/2016,115.050003,115.050003,18684100
1/3/2017,116.860001,116.860001,20663900
1/4/2017,118.690002,118.690002,19630900
1/5/2017,120.669998,120.669998,19492200
1/6/2017,123.410004,123.410004,28545300
1/9/2017,124.900002,124.900002,22880400
1/10/2017,124.349998,124.349998,17324600
1/11/2017,126.089996,126.089996,18356500
1/12/2017,126.620003,126.620003,18653900
1/13/2017,128.339996,128.339996,24884300
1/17/2017,127.870003,127.870003,15294500
1/18/2017,127.919998,127.919998,13145900
1/19/2017,127.550003,127.550003,12195500
1/20/2017,127.040001,127.040001,19097200
1/23/2017,128.929993,128.929993,16593600
1/24/2017,129.369995,129.369995,15162700
1/25/2017,131.479996,131.479996,18731300
1/26/2017,132.779999,132.779999,20020100
1/27/2017,132.179993,132.179993,19539500
1/30/2017,130.979996,130.979996,18956100
1/31/2017,130.320007,130.320007,19790500
2/1/2017,133.229996,133.229996,50139800
2/2/2017,130.839996,130.839996,54366400
2/3/2017,130.979996,130.979996,24804900
2/6/2017,132.059998,132.059998,17058500
2/7/2017,131.839996,131.839996,14596400
2/8/2017,134.199997,134.199997,22390600
2/9/2017,134.139999,134.139999,16470600
2/10/2017,134.190002,134.190002,15061900
2/13/2017,134.050003,134.050003,13526200
2/14/2017,133.850006,133.850006,14364900
2/15/2017,133.440002,133.440002,13226500
2/16/2017,133.839996,133.839996,12831100
2/17/2017,133.529999,133.529999,12276500
2/21/2017,133.720001,133.720001,14759100
2/22/2017,136.119995,136.119995,27360100
2/23/2017,135.360001,135.360001,18422500
2/24/2017,135.440002,135.440002,12625700
2/27/2017,136.410004,136.410004,14306700
2/28/2017,135.539993,135.539993,16112100
3/1/2017,137.419998,137.419998,16257000
3/2/2017,136.759995,136.759995,12294800
3/3/2017,137.169998,137.169998,11160600
3/6/2017,137.419998,137.419998,12748200
3/7/2017,137.300003,137.300003,13527100
3/8/2017,137.720001,137.720001,10184500
3/9/2017,138.240005,138.240005,15535300
3/10/2017,138.789993,138.789993,16314100
3/13/2017,139.600006,139.600006,10955500
3/14/2017,139.320007,139.320007,12944000
3/15/2017,139.720001,139.720001,19344800
3/16/2017,139.990005,139.990005,13612900
3/17/2017,139.839996,139.839996,20592800
3/20/2017,139.940002,139.940002,12099500
3/21/2017,138.509995,138.509995,29894800
3/22/2017,139.589996,139.589996,17055400
3/23/2017,139.529999,139.529999,13022800
3/24/2017,140.339996,140.339996,16664700
3/27/2017,140.320007,140.320007,12800500
3/28/2017,141.759995,141.759995,14679400
3/29/2017,142.649994,142.649994,16527600
3/30/2017,142.410004,142.410004,12404000
3/31/2017,142.050003,142.050003,11478300
4/3/2017,142.279999,142.279999,13564000
4/4/2017,141.729996,141.729996,12948600
4/5/2017,141.850006,141.850006,17158100
4/6/2017,141.169998,141.169998,15103400
4/7/2017,140.779999,140.779999,11818300
4/10/2017,141.039993,141.039993,9039400
4/11/2017,139.919998,139.919998,16638100
4/12/2017,139.580002,139.580002,11612500
4/13/2017,139.389999,139.389999,10965600
4/17/2017,141.419998,141.419998,11519700
4/18/2017,140.960007,140.960007,14807500
4/19/2017,142.270004,142.270004,15563900
4/20/2017,143.800003,143.800003,15968200
4/21/2017,143.679993,143.679993,12382000
4/24/2017,145.470001,145.470001,14407200
4/25/2017,146.490005,146.490005,17767500
4/26/2017,146.559998,146.559998,12395000
4/27/2017,147.699997,147.699997,11275100
4/28/2017,150.25,150.25,30652200
5/1/2017,152.460007,152.460007,25218300
5/2/2017,152.779999,152.779999,21870400
5/3/2017,151.800003,151.800003,29782500
5/4/2017,150.850006,150.850006,36225500
5/5/2017,150.240005,150.240005,17148500
5/8/2017,151.059998,151.059998,15827500
5/9/2017,150.479996,150.479996,17453900
5/10/2017,150.289993,150.289993,12080700
5/11/2017,150.039993,150.039993,11841900
5/12/2017,150.330002,150.330002,9598200
5/15/2017,150.190002,150.190002,15064700
5/16/2017,149.779999,149.779999,14550800
5/17/2017,144.850006,144.850006,28300100
5/18/2017,147.660004,147.660004,23031600
5/19/2017,148.059998,148.059998,16187900
5/22/2017,148.240005,148.240005,12586700
5/23/2017,148.070007,148.070007,12817800
5/24/2017,150.039993,150.039993,17862400
5/25/2017,151.960007,151.960007,19891400
5/26/2017,152.130005,152.130005,14996200
5/30/2017,152.380005,152.380005,13226000
5/31/2017,151.460007,151.460007,18023900
6/1/2017,151.529999,151.529999,14530600
6/2/2017,153.610001,153.610001,16854400
6/5/2017,153.630005,153.630005,12520400
6/6/2017,152.809998,152.809998,13457100
6/7/2017,153.119995,153.119995,12066700
6/8/2017,154.710007,154.710007,17799400
6/9/2017,149.600006,149.600006,35577700
6/12/2017,148.440002,148.440002,33170200
6/13/2017,150.679993,150.679993,20483400
6/14/2017,150.25,150.25,20808800
6/15/2017,149.800003,149.800003,18994200
6/16/2017,150.639999,150.639999,22882400
6/19/2017,152.869995,152.869995,19026500
6/20/2017,152.25,152.25,14743900
6/21/2017,153.910004,153.910004,15039800
6/22/2017,153.399994,153.399994,13005500
6/23/2017,155.070007,155.070007,18027000
6/26/2017,153.589996,153.589996,18049700
6/27/2017,150.580002,150.580002,19360800
6/28/2017,153.240005,153.240005,16719100
6/29/2017,151.039993,151.039993,23973500
6/30/2017,150.979996,150.979996,17666000
7/3/2017,148.429993,148.429993,13862700
7/5/2017,150.339996,150.339996,14334300
7/6/2017,148.820007,148.820007,14951800
7/7/2017,151.440002,151.440002,13615900
7/10/2017,153.5,153.5,13378700
7/11/2017,155.270004,155.270004,13667700
7/12/2017,158.899994,158.899994,22739400
7/13/2017,159.259995,159.259995,13929200
7/14/2017,159.970001,159.970001,16371200
7/17/2017,159.729996,159.729996,12858800
7/18/2017,162.860001,162.860001,23722900
7/19/2017,164.139999,164.139999,26273600
7/20/2017,164.529999,164.529999,18523100
7/21/2017,164.429993,164.429993,14744000
7/24/2017,166,166,17367000
7/25/2017,165.279999,165.279999,15383200
7/26/2017,165.610001,165.610001,35236900
7/27/2017,170.440002,170.440002,68910700
7/28/2017,172.449997,172.449997,24557600
7/31/2017,169.25,169.25,25478900
8/1/2017,169.860001,169.860001,14385000
8/2/2017,169.300003,169.300003,17433800
8/3/2017,168.589996,168.589996,10793800
8/4/2017,169.619995,169.619995,10777700
8/7/2017,171.979996,171.979996,12787800
8/8/2017,171.229996,171.229996,14393500
8/9/2017,171.179993,171.179993,10815000
8/10/2017,167.399994,167.399994,20832700
8/11/2017,168.080002,168.080002,13791200
8/14/2017,170.75,170.75,12954200
8/15/2017,171,171,8729200
8/16/2017,170,170,15779900
8/17/2017,166.910004,166.910004,17216000
8/18/2017,167.410004,167.410004,15093600
8/21/2017,167.779999,167.779999,11907500
8/22/2017,169.639999,169.639999,11391000
8/23/2017,168.710007,168.710007,9856500
8/24/2017,167.740005,167.740005,14030400
8/25/2017,166.320007,166.320007,12614500
8/28/2017,167.240005,167.240005,8553700
8/29/2017,168.050003,168.050003,11121000
8/30/2017,169.919998,169.919998,11138300
8/31/2017,171.970001,171.970001,17226500
9/1/2017,172.020004,172.020004,11677600
9/5/2017,170.720001,170.720001,13210900
9/6/2017,172.089996,172.089996,13906300
9/7/2017,173.210007,173.210007,18049500
9/8/2017,170.949997,170.949997,10998500
9/11/2017,173.509995,173.509995,12372000
9/12/2017,172.960007,172.960007,11186300
9/13/2017,173.050003,173.050003,9119300
9/14/2017,170.960007,170.960007,15615700
9/15/2017,171.639999,171.639999,15660500
9/18/2017,170.009995,170.009995,12954000
9/19/2017,172.520004,172.520004,13168600
9/20/2017,172.169998,172.169998,12264100
9/21/2017,171.110001,171.110001,11161400
9/22/2017,170.539993,170.539993,12097100
9/25/2017,162.869995,162.869995,41251600
9/26/2017,164.210007,164.210007,23363300
9/27/2017,167.679993,167.679993,19242500
9/28/2017,168.729996,168.729996,12178700
9/29/2017,170.869995,170.869995,15340400
10/2/2017,169.470001,169.470001,13392300
10/3/2017,169.960007,169.960007,8190300
10/4/2017,168.419998,168.419998,12127900
10/5/2017,171.240005,171.240005,14580600
10/6/2017,172.229996,172.229996,13124500
10/9/2017,172.5,172.5,14570400
10/10/2017,171.589996,171.589996,11341100
10/11/2017,172.740005,172.740005,11283700
10/12/2017,172.550003,172.550003,10351000
10/13/2017,173.740005,173.740005,13658300
10/16/2017,174.520004,174.520004,11498800
10/17/2017,176.110001,176.110001,15990100
10/18/2017,176.029999,176.029999,12752400
10/19/2017,174.559998,174.559998,14048400
10/20/2017,174.979996,174.979996,12602200
10/23/2017,171.270004,171.270004,13852700
10/24/2017,171.800003,171.800003,12267900
10/25/2017,170.600006,170.600006,15868200
10/26/2017,170.630005,170.630005,11833100
10/27/2017,177.880005,177.880005,30285300
10/30/2017,179.869995,179.869995,24353200
10/31/2017,180.059998,180.059998,20174200
11/1/2017,182.660004,182.660004,40918300
11/2/2017,178.919998,178.919998,35529900
11/3/2017,178.919998,178.919998,17822100
11/6/2017,180.169998,180.169998,13312700
11/7/2017,180.25,180.25,12928200
11/8/2017,179.559998,179.559998,10494100
11/9/2017,179.300003,179.300003,12610300
11/10/2017,178.460007,178.460007,11070200
11/13/2017,178.770004,178.770004,9523400
11/14/2017,178.070007,178.070007,9585900
11/15/2017,177.949997,177.949997,10253700
11/16/2017,179.589996,179.589996,15607600
11/17/2017,179,179,13018000
11/20/2017,178.740005,178.740005,10052400
11/21/2017,181.860001,181.860001,14504000
11/22/2017,180.869995,180.869995,10376300
11/24/2017,182.779999,182.779999,9426300
11/27/2017,183.029999,183.029999,12344500
11/28/2017,182.419998,182.419998,14379700
11/29/2017,175.130005,175.130005,41933500
11/30/2017,177.179993,177.179993,25307600
12/1/2017,175.100006,175.100006,20182500
12/4/2017,171.470001,171.470001,24459400
12/5/2017,172.830002,172.830002,20184900
12/6/2017,176.059998,176.059998,20255800
12/7/2017,180.139999,180.139999,20404500
12/8/2017,179,179,19883800
12/11/2017,179.039993,179.039993,13168600
12/12/2017,176.960007,176.960007,16854100
12/13/2017,178.300003,178.300003,14615700
12/14/2017,178.389999,178.389999,13591000
12/15/2017,180.179993,180.179993,28463100
12/18/2017,180.820007,180.820007,17265400
12/19/2017,179.509995,179.509995,14920600
12/20/2017,177.889999,177.889999,11860500
12/21/2017,177.449997,177.449997,11600700
12/22/2017,177.199997,177.199997,8509500
12/26/2017,175.990005,175.990005,8897300
12/27/2017,177.619995,177.619995,9496100
12/28/2017,177.919998,177.919998,12220800
12/29/2017,176.460007,176.460007,10261500
1/2/2018,181.419998,181.419998,18151900
1/3/2018,184.669998,184.669998,16886600
1/4/2018,184.330002,184.330002,13880900
1/5/2018,186.850006,186.850006,13574500
1/8/2018,188.279999,188.279999,17994700
1/9/2018,187.869995,187.869995,12393100
1/10/2018,187.839996,187.839996,10529900
1/11/2018,187.770004,187.770004,9588600
1/12/2018,179.369995,179.369995,77551300
1/16/2018,178.389999,178.389999,36183800
1/17/2018,177.600006,177.600006,27992400
1/18/2018,179.800003,179.800003,23304900
1/19/2018,181.289993,181.289993,26826500
1/22/2018,185.369995,185.369995,21059500
1/23/2018,189.350006,189.350006,25678800
1/24/2018,186.550003,186.550003,24334500
1/25/2018,187.479996,187.479996,17377700
1/26/2018,190,190,17759200
1/29/2018,185.979996,185.979996,20453200
1/30/2018,187.119995,187.119995,20858600
1/31/2018,186.889999,186.889999,43275100
2/1/2018,193.089996,193.089996,54211300
2/2/2018,190.279999,190.279999,26677500
2/5/2018,181.259995,181.259995,33128200
2/6/2018,185.309998,185.309998,37758500
2/7/2018,180.179993,180.179993,27601900
2/8/2018,171.580002,171.580002,38478300
2/9/2018,176.110001,176.110001,39887600
2/12/2018,176.410004,176.410004,32092100
2/13/2018,173.149994,173.149994,21809400
2/14/2018,179.520004,179.520004,28929700
2/15/2018,179.960007,179.960007,20922100
2/16/2018,177.360001,177.360001,20645300
2/20/2018,176.009995,176.009995,21204900
2/21/2018,177.910004,177.910004,23200800
2/22/2018,178.990005,178.990005,18464200
2/23/2018,183.289993,183.289993,19007300
2/26/2018,184.929993,184.929993,17599700
2/27/2018,181.460007,181.460007,15849800
2/28/2018,178.320007,178.320007,18783000
3/1/2018,175.940002,175.940002,23201600
3/2/2018,176.619995,176.619995,20025900
3/5/2018,180.399994,180.399994,16189300
3/6/2018,179.779999,179.779999,15086800
3/7/2018,183.710007,183.710007,19097300
3/8/2018,182.339996,182.339996,17225900
3/9/2018,185.229996,185.229996,18526300
3/12/2018,184.759995,184.759995,15301200
3/13/2018,181.880005,181.880005,18067500
3/14/2018,184.190002,184.190002,16821700
3/15/2018,183.860001,183.860001,15614300
3/16/2018,185.089996,185.089996,24403400
3/19/2018,172.559998,172.559998,88140100
3/20/2018,168.149994,168.149994,129851800
3/21/2018,169.389999,169.389999,106598800
3/22/2018,164.889999,164.889999,73743000
3/23/2018,159.389999,159.389999,53609700
3/26/2018,160.059998,160.059998,126116600
3/27/2018,152.220001,152.220001,79117000
3/28/2018,153.029999,153.029999,60029200
3/29/2018,159.789993,159.789993,59434300
4/2/2018,155.389999,155.389999,36796000
4/3/2018,156.110001,156.110001,42543900
4/4/2018,155.100006,155.100006,49885600
4/5/2018,159.339996,159.339996,41449600
4/6/2018,157.199997,157.199997,41644800
4/9/2018,157.929993,157.929993,34915200
4/10/2018,165.039993,165.039993,57889300
4/11/2018,166.320007,166.320007,56144600
4/12/2018,163.869995,163.869995,38263000
4/13/2018,164.520004,164.520004,19990600
4/16/2018,164.830002,164.830002,18119400
4/17/2018,168.660004,168.660004,22743000
4/18/2018,166.360001,166.360001,20969600
4/19/2018,168.100006,168.100006,22235000
4/20/2018,166.279999,166.279999,19119400
4/23/2018,165.839996,165.839996,23088100
4/24/2018,159.690002,159.690002,35079900
4/25/2018,159.690002,159.690002,41083600
4/26/2018,174.160004,174.160004,77556900
4/27/2018,173.589996,173.589996,29804700
4/30/2018,172,172,20750500
5/1/2018,173.860001,173.860001,26025900
5/2/2018,176.070007,176.070007,30424500
5/3/2018,174.020004,174.020004,24026100
5/4/2018,176.610001,176.610001,17677800
5/7/2018,177.970001,177.970001,18697200
5/8/2018,178.919998,178.919998,15577200
5/9/2018,182.660004,182.660004,23282800
5/10/2018,185.529999,185.529999,21071400
5/11/2018,186.990005,186.990005,21207800
5/14/2018,186.639999,186.639999,15646700
5/15/2018,184.320007,184.320007,15429400
5/16/2018,183.199997,183.199997,16975500
5/17/2018,183.759995,183.759995,14840700
5/18/2018,182.679993,182.679993,13130500
5/21/2018,184.490005,184.490005,13532900
5/22/2018,183.800003,183.800003,12731400
5/23/2018,186.899994,186.899994,16628100
5/24/2018,185.929993,185.929993,12354700
5/25/2018,184.919998,184.919998,10965100
5/29/2018,185.740005,185.740005,16398900
5/30/2018,187.669998,187.669998,13736900
5/31/2018,191.779999,191.779999,30782600
6/1/2018,193.990005,193.990005,17307200
6/4/2018,193.279999,193.279999,18939800
6/5/2018,192.940002,192.940002,15544300
6/6/2018,191.339996,191.339996,22558900
6/7/2018,188.179993,188.179993,21503200
6/8/2018,189.100006,189.100006,12677100
6/11/2018,191.539993,191.539993,12928900
6/12/2018,192.399994,192.399994,11562700
6/13/2018,192.410004,192.410004,15853800
6/14/2018,196.809998,196.809998,19120900
6/15/2018,195.850006,195.850006,21860900
6/18/2018,198.309998,198.309998,16826000
6/19/2018,197.490005,197.490005,19994000
6/20/2018,202,202,28230900
6/21/2018,201.5,201.5,19045700
6/22/2018,201.740005,201.740005,17420200
6/25/2018,196.350006,196.350006,25275100
6/26/2018,199,199,17897600
6/27/2018,195.839996,195.839996,18734400
6/28/2018,196.229996,196.229996,18172400
6/29/2018,194.320007,194.320007,15811600
7/2/2018,197.360001,197.360001,13961600
7/3/2018,192.729996,192.729996,13489500
7/5/2018,198.449997,198.449997,19684200
7/6/2018,203.229996,203.229996,19740100
7/9/2018,204.740005,204.740005,18149400
7/10/2018,203.539993,203.539993,13190100
7/11/2018,202.539993,202.539993,12927400
7/12/2018,206.919998,206.919998,15454700
7/13/2018,207.320007,207.320007,11486800
7/16/2018,207.229996,207.229996,11078200
7/17/2018,209.990005,209.990005,15349900
7/18/2018,209.360001,209.360001,15334900
7/19/2018,208.089996,208.089996,11350400
7/20/2018,209.940002,209.940002,16163900
7/23/2018,210.910004,210.910004,16732000
7/24/2018,214.669998,214.669998,28468700
7/25/2018,217.5,217.5,58954200
7/26/2018,176.259995,176.259995,169803700
7/27/2018,174.889999,174.889999,60073700
7/30/2018,171.059998,171.059998,65280800
7/31/2018,172.580002,172.580002,40356500
8/1/2018,171.649994,171.649994,34042100
8/2/2018,176.369995,176.369995,32400000
8/3/2018,177.779999,177.779999,24763400
8/6/2018,185.690002,185.690002,49716200
8/7/2018,183.809998,183.809998,33398600
8/8/2018,185.179993,185.179993,22205200
8/9/2018,183.089996,183.089996,19732100
8/10/2018,180.259995,180.259995,21500400
8/13/2018,180.050003,180.050003,17423300
8/14/2018,181.110001,181.110001,19102000
8/15/2018,179.529999,179.529999,33020200
8/16/2018,174.699997,174.699997,31351800
8/17/2018,173.800003,173.800003,24893200
8/20/2018,172.5,172.5,21518000
8/21/2018,172.619995,172.619995,19578500
8/22/2018,173.639999,173.639999,16894100
8/23/2018,172.899994,172.899994,18053600
8/24/2018,174.649994,174.649994,14631600
8/27/2018,177.460007,177.460007,17921900
8/28/2018,176.259995,176.259995,15910700
8/29/2018,175.899994,175.899994,18494100
8/30/2018,177.639999,177.639999,24216500
8/31/2018,175.729996,175.729996,18065200
9/4/2018,171.160004,171.160004,29809000
9/5/2018,167.179993,167.179993,31226700
9/6/2018,162.529999,162.529999,41514800
9/7/2018,163.039993,163.039993,24300600
9/10/2018,164.179993,164.179993,20197700
9/11/2018,165.940002,165.940002,20457100
9/12/2018,162,162,24078100
9/13/2018,161.360001,161.360001,25453800
9/14/2018,162.320007,162.320007,21770400
9/17/2018,160.580002,160.580002,21005300
9/18/2018,160.300003,160.300003,22465200
9/19/2018,163.059998,163.059998,19629000
9/20/2018,166.020004,166.020004,18936000
9/21/2018,162.929993,162.929993,45994800
9/24/2018,165.410004,165.410004,19222800
9/25/2018,164.910004,164.910004,27622800
9/26/2018,166.949997,166.949997,25252200
9/27/2018,168.839996,168.839996,27266900
9/28/2018,164.460007,164.460007,34265600
10/1/2018,162.440002,162.440002,26407700
10/2/2018,159.330002,159.330002,36031000
10/3/2018,162.429993,162.429993,23109500
10/4/2018,158.850006,158.850006,25739600
10/5/2018,157.330002,157.330002,25744000
10/8/2018,157.25,157.25,24046000
10/9/2018,157.899994,157.899994,18844400
10/10/2018,151.380005,151.380005,30610000
10/11/2018,153.350006,153.350006,35338900
10/12/2018,153.740005,153.740005,25293500
10/15/2018,153.520004,153.520004,15433500
10/16/2018,158.779999,158.779999,19180100
10/17/2018,159.419998,159.419998,17592000
10/18/2018,154.919998,154.919998,21675100
10/19/2018,154.050003,154.050003,19761300
10/22/2018,154.779999,154.779999,15424700
10/23/2018,154.389999,154.389999,19095000
10/24/2018,146.039993,146.039993,27744600
10/25/2018,150.949997,150.949997,22105700
10/26/2018,145.369995,145.369995,31303300
10/29/2018,142.089996,142.089996,31336800
10/30/2018,146.220001,146.220001,50528300
10/31/2018,151.789993,151.789993,60101300
11/1/2018,151.75,151.75,25640800
11/2/2018,150.350006,150.350006,24708700
11/5/2018,148.679993,148.679993,15971200
11/6/2018,149.940002,149.940002,16667100
11/7/2018,151.529999,151.529999,21877400
11/8/2018,147.869995,147.869995,24145800
11/9/2018,144.960007,144.960007,17326900
11/12/2018,141.550003,141.550003,18542100
11/13/2018,142.160004,142.160004,15141700
11/14/2018,144.220001,144.220001,22068400
11/15/2018,143.850006,143.850006,30320300
11/16/2018,139.529999,139.529999,37250600
11/19/2018,131.550003,131.550003,44362700
11/20/2018,132.429993,132.429993,41939500
11/21/2018,134.820007,134.820007,25469700
11/23/2018,131.729996,131.729996,11886100
11/26/2018,136.380005,136.380005,24263600
11/27/2018,135,135,20750300
11/28/2018,136.759995,136.759995,29847500
11/29/2018,138.679993,138.679993,24238700
11/30/2018,140.610001,140.610001,25732600
12/3/2018,141.089996,141.089996,24819200
12/4/2018,137.929993,137.929993,30307400
12/6/2018,139.630005,139.630005,28218100
12/7/2018,137.419998,137.419998,21195500
12/10/2018,141.850006,141.850006,26422200
12/11/2018,142.080002,142.080002,20300300
12/12/2018,144.5,144.5,23696900
12/13/2018,145.009995,145.009995,18148600
12/14/2018,144.059998,144.059998,21785800
12/17/2018,140.190002,140.190002,24334000
12/18/2018,143.660004,143.660004,24709100
12/19/2018,133.240005,133.240005,57404900
12/20/2018,133.399994,133.399994,40297900
12/21/2018,124.949997,124.949997,56901500
12/24/2018,124.059998,124.059998,22066000
12/26/2018,134.179993,134.179993,39723400
12/27/2018,134.520004,134.520004,31202500
12/28/2018,133.199997,133.199997,22627600
12/31/2018,131.089996,131.089996,24625300
1/2/2019,135.679993,135.679993,28146200
1/3/2019,131.740005,131.740005,22717900
1/4/2019,137.949997,137.949997,29002100
1/7/2019,138.050003,138.050003,20089300
1/8/2019,142.529999,142.529999,26263800
1/9/2019,144.229996,144.229996,22205900
1/10/2019,144.199997,144.199997,16125000
1/11/2019,143.800003,143.800003,12908000
1/14/2019,145.389999,145.389999,20520300
1/15/2019,148.949997,148.949997,24069000
1/16/2019,147.539993,147.539993,18025700
1/17/2019,148.300003,148.300003,15787900
1/18/2019,150.039993,150.039993,31029600
1/22/2019,147.570007,147.570007,22378700
1/23/2019,144.300003,144.300003,20098400
1/24/2019,145.830002,145.830002,20955500
1/25/2019,149.009995,149.009995,22237200
1/28/2019,147.470001,147.470001,15508500
1/29/2019,144.190002,144.190002,17632100
1/30/2019,150.419998,150.419998,44613200
1/31/2019,166.690002,166.690002,77233600
2/1/2019,165.710007,165.710007,30806500
2/4/2019,169.25,169.25,20036000
2/5/2019,171.160004,171.160004,22557000
2/6/2019,170.490005,170.490005,13281200
2/7/2019,166.380005,166.380005,17517600
2/8/2019,167.330002,167.330002,12561400
2/11/2019,165.789993,165.789993,12811200
2/12/2019,165.039993,165.039993,16292300
2/13/2019,164.070007,164.070007,14205100
2/14/2019,163.949997,163.949997,12755200
2/15/2019,162.5,162.5,15504400
2/19/2019,162.289993,162.289993,14345400
2/20/2019,162.559998,162.559998,11770700
2/21/2019,160.039993,160.039993,15607800
2/22/2019,161.889999,161.889999,15858500
2/25/2019,164.619995,164.619995,18737100
2/26/2019,164.130005,164.130005,13784100
2/27/2019,162.809998,162.809998,12697500
2/28/2019,161.449997,161.449997,11114200
3/1/2019,162.279999,162.279999,11097800
3/4/2019,167.369995,167.369995,18894700
3/5/2019,171.259995,171.259995,28187900
3/6/2019,172.509995,172.509995,21531700
3/7/2019,169.130005,169.130005,18306500
3/8/2019,169.600006,169.600006,13184800
3/11/2019,172.070007,172.070007,18884000
3/12/2019,171.919998,171.919998,12155300
3/13/2019,173.369995,173.369995,11973300
3/14/2019,170.169998,170.169998,18037400
3/15/2019,165.979996,165.979996,37135400
3/18/2019,160.470001,160.470001,37524200
3/19/2019,161.570007,161.570007,25611500
3/20/2019,165.440002,165.440002,20211500
3/21/2019,166.080002,166.080002,16223000
3/22/2019,164.339996,164.339996,16389200
3/25/2019,166.289993,166.289993,12631200
3/26/2019,167.679993,167.679993,15437900
3/27/2019,165.869995,165.869995,10620300
3/28/2019,165.550003,165.550003,10689200
3/29/2019,166.690002,166.690002,13455500
4/1/2019,168.699997,168.699997,10381500
4/2/2019,174.199997,174.199997,23946500
4/3/2019,173.539993,173.539993,27590100
4/4/2019,176.020004,176.020004,17847700
4/5/2019,175.720001,175.720001,9594100
4/8/2019,174.929993,174.929993,7297400
4/9/2019,177.580002,177.580002,19751000
4/10/2019,177.820007,177.820007,11701500
4/11/2019,177.509995,177.509995,8071000
4/12/2019,179.100006,179.100006,12329800
4/15/2019,179.649994,179.649994,10834800
4/16/2019,178.869995,178.869995,11215200
4/17/2019,178.779999,178.779999,9973700
4/18/2019,178.279999,178.279999,11655600
4/22/2019,181.440002,181.440002,13389900
4/23/2019,183.779999,183.779999,19954800
4/24/2019,182.580002,182.580002,37289900
4/25/2019,193.259995,193.259995,54148800
4/26/2019,191.490005,191.490005,22075000
4/29/2019,194.779999,194.779999,19641300
4/30/2019,193.399994,193.399994,23494700
5/1/2019,193.029999,193.029999,15996600
5/2/2019,192.529999,192.529999,13209500
5/3/2019,195.470001,195.470001,14575400
5/6/2019,193.880005,193.880005,13994900
5/7/2019,189.770004,189.770004,16253000
5/8/2019,189.539993,189.539993,12505700
5/9/2019,188.649994,188.649994,12967000
5/10/2019,188.339996,188.339996,12578500
5/13/2019,181.539993,181.539993,16833300
5/14/2019,180.729996,180.729996,17628100
5/15/2019,186.270004,186.270004,16746900
5/16/2019,186.990005,186.990005,12953100
5/17/2019,185.300003,185.300003,10485400
5/20/2019,182.720001,182.720001,10352000
5/21/2019,184.820007,184.820007,7502800
5/22/2019,185.320007,185.320007,9213800
5/23/2019,180.869995,180.869995,12768800
5/24/2019,181.059998,181.059998,8807700
5/28/2019,184.309998,184.309998,14843300
5/29/2019,182.190002,182.190002,12797700
5/30/2019,183.009995,183.009995,8581500
5/31/2019,177.470001,177.470001,15226500
6/3/2019,164.149994,164.149994,56059600
6/4/2019,167.5,167.5,46044300
6/5/2019,168.169998,168.169998,19758300
6/6/2019,168.330002,168.330002,12446400
6/7/2019,173.350006,173.350006,16917300
6/10/2019,174.820007,174.820007,14767900
6/11/2019,178.100006,178.100006,15266600
6/12/2019,175.039993,175.039993,17681500
6/13/2019,177.470001,177.470001,12253600
6/14/2019,181.330002,181.330002,16773700
6/17/2019,189.009995,189.009995,29459900
6/18/2019,188.470001,188.470001,37571400
6/19/2019,187.479996,187.479996,21417100
6/20/2019,189.529999,189.529999,14635700
6/21/2019,191.139999,191.139999,22751200
6/24/2019,192.600006,192.600006,15509000
6/25/2019,188.839996,188.839996,16750300
6/26/2019,187.660004,187.660004,12808600
6/27/2019,189.5,189.5,11159000
6/28/2019,193,193,16378900
7/1/2019,193,193,14204700
7/2/2019,195,195,9050000
7/3/2019,197.199997,197.199997,10246100
7/5/2019,196.399994,196.399994,11164100
7/8/2019,195.759995,195.759995,9723900
7/9/2019,199.210007,199.210007,14698600
7/10/2019,202.729996,202.729996,20571700
7/11/2019,201.229996,201.229996,13678500
7/12/2019,204.869995,204.869995,15366300
7/15/2019,203.910004,203.910004,16030300
7/16/2019,203.839996,203.839996,12132700
7/17/2019,201.800003,201.800003,12083700
7/18/2019,200.779999,200.779999,11956600
7/19/2019,198.360001,198.360001,12098300
7/22/2019,202.320007,202.320007,13589000
7/23/2019,202.360001,202.360001,14583700
7/24/2019,204.660004,204.660004,32532500
7/25/2019,200.710007,200.710007,39889900
7/26/2019,199.75,199.75,24434000
7/29/2019,195.940002,195.940002,16530800
7/30/2019,197.039993,197.039993,11903600
7/31/2019,194.229996,194.229996,14593500
8/1/2019,192.729996,192.729996,17777000
8/2/2019,189.020004,189.020004,15297000
8/5/2019,181.729996,181.729996,23086700
8/6/2019,184.509995,184.509995,18035700
8/7/2019,185.149994,185.149994,15833200
8/8/2019,190.160004,190.160004,14828900
8/9/2019,187.850006,187.850006,11058800
8/12/2019,185.369995,185.369995,10936300
8/13/2019,188.449997,188.449997,13577000
8/14/2019,179.710007,179.710007,18903700
8/15/2019,182.589996,182.589996,12925900
8/16/2019,183.699997,183.699997,12654600
8/19/2019,186.169998,186.169998,9691200
8/20/2019,183.809998,183.809998,10083400
8/21/2019,183.550003,183.550003,8398200
8/22/2019,182.039993,182.039993,10821400
8/23/2019,177.75,177.75,17323400
8/26/2019,180.360001,180.360001,8773600
8/27/2019,181.300003,181.300003,14399600
8/28/2019,181.759995,181.759995,9386100
8/29/2019,185.570007,185.570007,10128700
8/30/2019,185.669998,185.669998,10774500
9/3/2019,182.389999,182.389999,9779400
9/4/2019,187.139999,187.139999,11308000
9/5/2019,190.899994,190.899994,13876700
9/6/2019,187.490005,187.490005,15226800
9/9/2019,188.759995,188.759995,14722400
9/10/2019,186.169998,186.169998,15455900
9/11/2019,188.490005,188.490005,11761700
9/12/2019,187.470001,187.470001,11419800
9/13/2019,187.190002,187.190002,11441100
9/16/2019,186.220001,186.220001,8444800
9/17/2019,188.080002,188.080002,9671100
9/18/2019,188.139999,188.139999,9681900
9/19/2019,190.139999,190.139999,10392700
9/20/2019,189.929993,189.929993,19934200
9/23/2019,186.820007,186.820007,13327600
9/24/2019,181.279999,181.279999,18546600
9/25/2019,182.800003,182.800003,18068300
9/26/2019,180.110001,180.110001,16083300
9/27/2019,177.100006,177.100006,14656200
9/30/2019,178.080002,178.080002,10740000
10/1/2019,175.809998,175.809998,17073000
10/2/2019,174.600006,174.600006,16151700
10/3/2019,179.380005,179.380005,16086300
10/4/2019,180.449997,180.449997,10430200
10/7/2019,179.679993,179.679993,9178300
10/8/2019,177.75,177.75,9466900
10/9/2019,179.850006,179.850006,7556900
10/10/2019,180.029999,180.029999,8605000
10/11/2019,184.190002,184.190002,14930500
10/14/2019,183.279999,183.279999,7006000
10/15/2019,188.889999,188.889999,15039100
10/16/2019,189.550003,189.550003,10516900
10/17/2019,190.389999,190.389999,9603000
10/18/2019,185.850006,185.850006,16874200
10/21/2019,189.759995,189.759995,8122600
10/22/2019,182.339996,182.339996,19537600
10/23/2019,186.149994,186.149994,12300400
10/24/2019,186.380005,186.380005,11413500
10/25/2019,187.889999,187.889999,8061200
10/28/2019,189.399994,189.399994,13657900
10/29/2019,189.309998,189.309998,13574900
10/30/2019,188.25,188.25,28734600
10/31/2019,191.649994,191.649994,42286500
11/1/2019,193.619995,193.619995,21711800
11/4/2019,194.720001,194.720001,16371300
11/5/2019,194.320007,194.320007,9942000
11/6/2019,191.550003,191.550003,10973000
11/7/2019,190.419998,190.419998,13473000
11/8/2019,190.839996,190.839996,10760800
11/11/2019,189.610001,189.610001,8631200
11/12/2019,194.470001,194.470001,17615500
11/13/2019,193.190002,193.190002,10860700
11/14/2019,193.149994,193.149994,9040500
11/15/2019,195.100006,195.100006,11524300
11/18/2019,197.399994,197.399994,16167200
11/19/2019,199.320007,199.320007,19056800
11/20/2019,197.509995,197.509995,12355400
11/21/2019,197.929993,197.929993,12131000
11/22/2019,198.820007,198.820007,9959800
11/25/2019,199.789993,199.789993,15272300
11/26/2019,198.970001,198.970001,11735500
11/27/2019,202,202,12736600
11/29/2019,201.639999,201.639999,7985200
12/2/2019,199.699997,199.699997,11503400
12/3/2019,198.820007,198.820007,11595300
12/4/2019,198.710007,198.710007,8456300
12/5/2019,199.360001,199.360001,9740400
12/6/2019,201.050003,201.050003,12270600
12/9/2019,201.339996,201.339996,11954800
12/10/2019,200.869995,200.869995,9475700
12/11/2019,202.259995,202.259995,8036800
12/12/2019,196.75,196.75,23734800
12/13/2019,194.110001,194.110001,18798000
12/16/2019,197.919998,197.919998,14911500
12/17/2019,198.389999,198.389999,10175700
12/18/2019,202.5,202.5,23274400
12/19/2019,206.059998,206.059998,16514600
12/20/2019,206.300003,206.300003,27306900
12/23/2019,206.179993,206.179993,13348900
12/24/2019,205.119995,205.119995,6046300
12/26/2019,207.789993,207.789993,9350700
12/27/2019,208.100006,208.100006,10284200
12/30/2019,204.410004,204.410004,10524300
12/31/2019,205.25,205.25,8953500
1/2/2020,209.779999,209.779999,12077100
1/3/2020,208.669998,208.669998,11188400
1/6/2020,212.600006,212.600006,17058900
1/7/2020,213.059998,213.059998,14912400
1/8/2020,215.220001,215.220001,13475000
1/9/2020,218.300003,218.300003,12642800
1/10/2020,218.059998,218.059998,12119400
1/13/2020,221.910004,221.910004,14463400
1/14/2020,219.059998,219.059998,13288900
1/15/2020,221.149994,221.149994,10036500
1/16/2020,221.770004,221.770004,10015300
1/17/2020,222.139999,222.139999,15905900
1/21/2020,221.440002,221.440002,14275800
1/22/2020,221.320007,221.320007,12212800
1/23/2020,219.759995,219.759995,11195000
1/24/2020,217.940002,217.940002,11905800
1/27/2020,214.869995,214.869995,13810700
1/28/2020,217.789993,217.789993,13413800
1/29/2020,223.229996,223.229996,33181300
1/30/2020,209.529999,209.529999,48775500
1/31/2020,201.910004,201.910004,31359900
2/3/2020,204.190002,204.190002,15510500
2/4/2020,209.830002,209.830002,19628900
2/5/2020,210.110001,210.110001,12538200
2/6/2020,210.850006,210.850006,10567500
2/7/2020,212.330002,212.330002,12242500
2/10/2020,213.059998,213.059998,11856400
2/11/2020,207.190002,207.190002,25030800
2/12/2020,210.759995,210.759995,13813700
2/13/2020,213.139999,213.139999,15396600
2/14/2020,214.179993,214.179993,10741700
2/18/2020,217.800003,217.800003,15609200
2/19/2020,217.490005,217.490005,12135100
2/20/2020,214.580002,214.580002,13109200
2/21/2020,210.179993,210.179993,14092300
2/24/2020,200.720001,200.720001,23080100
2/25/2020,196.770004,196.770004,21433500
2/26/2020,197.199997,197.199997,16524500
2/27/2020,189.75,189.75,21682600
2/28/2020,192.470001,192.470001,32583500
3/2/2020,196.440002,196.440002,24949000
3/3/2020,185.889999,185.889999,27984100
3/4/2020,191.759995,191.759995,23062500
3/5/2020,185.169998,185.169998,19333400
3/6/2020,181.089996,181.089996,24559600
3/9/2020,169.5,169.5,29949000
3/10/2020,178.190002,178.190002,24517800
3/11/2020,170.240005,170.240005,20373900
3/12/2020,154.470001,154.470001,43266300
3/13/2020,170.279999,170.279999,35028600
3/16/2020,146.009995,146.009995,39120400
3/17/2020,149.419998,149.419998,34255600
3/18/2020,146.960007,146.960007,37553100
3/19/2020,153.130005,153.130005,39862300
3/20/2020,149.729996,149.729996,32568400
3/23/2020,148.100006,148.100006,29830800
3/24/2020,160.979996,160.979996,30440400
3/25/2020,156.210007,156.210007,35184300
3/26/2020,163.339996,163.339996,26556800
3/27/2020,156.789993,156.789993,24879900
3/30/2020,165.949997,165.949997,22515200
3/31/2020,166.800003,166.800003,23676300
4/1/2020,159.600006,159.600006,19507600
4/2/2020,158.190002,158.190002,20886300
4/3/2020,154.179993,154.179993,25983300
4/6/2020,165.550003,165.550003,28453600
4/7/2020,168.830002,168.830002,31411900
4/8/2020,174.279999,174.279999,21664200
4/9/2020,175.190002,175.190002,23534300
4/13/2020,174.789993,174.789993,19355400
4/14/2020,178.169998,178.169998,21011800
4/15/2020,176.970001,176.970001,17423000
4/16/2020,176.25,176.25,23593200
4/17/2020,179.240005,179.240005,20974800
4/20/2020,178.240005,178.240005,16110700
4/21/2020,170.800003,170.800003,24850500
4/22/2020,182.279999,182.279999,33369900
4/23/2020,185.130005,185.130005,21426600
4/24/2020,190.070007,190.070007,28868500
4/27/2020,187.5,187.5,29197800
4/28/2020,182.910004,182.910004,21731000
4/29/2020,194.190002,194.190002,45954500
4/30/2020,204.710007,204.710007,46230100
5/1/2020,202.270004,202.270004,30415600
5/4/2020,205.259995,205.259995,19250700
5/5/2020,207.070007,207.070007,21071200
5/6/2020,208.470001,208.470001,21857000
5/7/2020,211.259995,211.259995,15152000
5/8/2020,212.350006,212.350006,12524000
5/11/2020,213.179993,213.179993,12911900
5/12/2020,210.100006,210.100006,14704600
5/13/2020,205.100006,205.100006,20684600
5/14/2020,206.809998,206.809998,17178900
5/15/2020,210.880005,210.880005,19383200
5/18/2020,213.190002,213.190002,20167400
5/19/2020,216.880005,216.880005,31843200
5/20/2020,229.970001,229.970001,50162900
5/21/2020,231.389999,231.389999,47782600
5/22/2020,234.910004,234.910004,33925600
5/26/2020,232.199997,232.199997,33178300
5/27/2020,229.139999,229.139999,34697600
5/28/2020,225.460007,225.460007,29377200
5/29/2020,225.089996,225.089996,23322500
6/1/2020,231.910004,231.910004,18223800
6/2/2020,232.720001,232.720001,20919000
6/3/2020,230.160004,230.160004,15380300
6/4/2020,226.289993,226.289993,17041500
6/5/2020,230.770004,230.770004,16750400
6/8/2020,231.399994,231.399994,15466500
6/9/2020,238.669998,238.669998,27462900
6/10/2020,236.729996,236.729996,20720700
6/11/2020,224.429993,224.429993,26708200
6/12/2020,228.580002,228.580002,22071700
6/15/2020,232.5,232.5,15340300
6/16/2020,235.649994,235.649994,15236700
6/17/2020,235.529999,235.529999,19552800
6/18/2020,235.940002,235.940002,15782500
6/19/2020,238.789993,238.789993,30081300
6/22/2020,239.220001,239.220001,18917800
6/23/2020,242.240005,242.240005,24017900
6/24/2020,234.020004,234.020004,20834900
6/25/2020,235.679993,235.679993,18704300
6/26/2020,216.080002,216.080002,76343900
6/29/2020,220.639999,220.639999,58514300
6/30/2020,227.070007,227.070007,33927100
7/1/2020,237.550003,237.550003,43399700
7/2/2020,233.419998,233.419998,30633600
7/6/2020,240.279999,240.279999,26206200
7/7/2020,240.860001,240.860001,27887800
7/8/2020,243.580002,243.580002,29791300
7/9/2020,244.5,244.5,22174900
7/10/2020,245.070007,245.070007,22982700
7/13/2020,239,239,24674900
7/14/2020,239.729996,239.729996,23378100
7/15/2020,240.279999,240.279999,19133600
7/16/2020,240.929993,240.929993,18880700
7/17/2020,242.029999,242.029999,18152400
7/20/2020,245.419998,245.419998,20872200
7/21/2020,241.75,241.75,19409700
7/22/2020,239.869995,239.869995,15427900
7/23/2020,232.600006,232.600006,21771800
7/24/2020,230.710007,230.710007,18314700
7/27/2020,233.5,233.5,13163100
7/28/2020,230.119995,230.119995,14170100
7/29/2020,233.289993,233.289993,13588300
7/30/2020,234.5,234.5,20615300
7/31/2020,253.669998,253.669998,53030000
8/3/2020,251.960007,251.960007,23124900
8/4/2020,249.830002,249.830002,17183500
8/5/2020,249.119995,249.119995,13088400
8/6/2020,265.279999,265.279999,45241600
8/7/2020,268.440002,268.440002,72735500
8/10/2020,263,263,30248800
8/11/2020,256.130005,256.130005,28238300
8/12/2020,259.890015,259.890015,21428300
8/13/2020,261.299988,261.299988,17374000
8/14/2020,261.23999,261.23999,14792700
8/17/2020,261.160004,261.160004,13351100
8/18/2020,262.339996,262.339996,18690400
8/19/2020,262.589996,262.589996,23291500
8/20/2020,269.01001,269.01001,20299700
8/21/2020,267.01001,267.01001,15538600
8/24/2020,271.390015,271.390015,23685600
8/25/2020,280.820007,280.820007,42127200
8/26/2020,303.910004,303.910004,69015200
8/27/2020,293.220001,293.220001,30301300
8/28/2020,293.660004,293.660004,17172400
8/31/2020,293.200012,293.200012,17345100
9/1/2020,295.440002,295.440002,17320900
9/2/2020,302.5,302.5,24341400
9/3/2020,291.119995,291.119995,32294100
9/4/2020,282.730011,282.730011,30333700
9/8/2020,271.160004,271.160004,24864000
9/9/2020,273.720001,273.720001,22918800
9/10/2020,268.089996,268.089996,24814700
9/11/2020,266.609985,266.609985,18913900
9/14/2020,266.149994,266.149994,24093800
9/15/2020,272.420013,272.420013,18478500
9/16/2020,263.519989,263.519989,29183400
9/17/2020,254.820007,254.820007,31281400
9/18/2020,252.529999,252.529999,28130800
9/21/2020,248.149994,248.149994,24709400
9/22/2020,254.75,254.75,30293100
9/23/2020,249.020004,249.020004,19641300
9/24/2020,249.529999,249.529999,20006800
9/25/2020,254.820007,254.820007,18351300
9/28/2020,256.820007,256.820007,18826300
9/29/2020,261.790009,261.790009,20200200
9/30/2020,261.899994,261.899994,20105800
10/1/2020,266.630005,266.630005,20009800
10/2/2020,259.940002,259.940002,16367600
10/5/2020,264.649994,264.649994,12822300
10/6/2020,258.660004,258.660004,18696900
10/7/2020,258.119995,258.119995,23133400
10/8/2020,263.76001,263.76001,16312800
10/9/2020,264.450012,264.450012,14107800
10/12/2020,275.75,275.75,31019300
10/13/2020,276.140015,276.140015,18063300
10/14/2020,271.820007,271.820007,15601200
10/15/2020,266.720001,266.720001,15416100
10/16/2020,265.929993,265.929993,16622700
10/19/2020,261.399994,261.399994,13587000
10/20/2020,267.559998,267.559998,18763200
10/21/2020,278.730011,278.730011,28998600
10/22/2020,278.119995,278.119995,16720000
10/23/2020,284.790009,284.790009,17535200
10/26/2020,277.109985,277.109985,21322900
10/27/2020,283.290009,283.290009,16287200
10/28/2020,267.670013,267.670013,23121800
10/29/2020,280.829987,280.829987,32368100
10/30/2020,263.109985,263.109985,47247800
11/2/2020,261.359985,261.359985,27165700
11/3/2020,265.299988,265.299988,17961900
11/4/2020,287.380005,287.380005,35364400
11/5/2020,294.679993,294.679993,23823600
11/6/2020,293.410004,293.410004,13891000
11/9/2020,278.769989,278.769989,25117700
11/10/2020,272.429993,272.429993,29067700
11/11/2020,276.480011,276.480011,14957000
11/12/2020,275.079987,275.079987,12899500
11/13/2020,276.950012,276.950012,10391200
