date,binary_mean,binary_squared_mean,binary_sqrt_mean,prob_mean,prob_squared_mean,prob_sqrt_mean
1/1/2020,0.0,0.0,0.0,0.0,0.0,0.0
1/2/2020,0.0,0.0,0.0,0.0,0.0,0.0
1/3/2020,0.0,0.0,0.0,0.0,0.0,0.0
1/4/2020,0.0,0.0,0.0,0.0,0.0,0.0
1/5/2020,0.0,0.0,0.0,0.0,0.0,0.0
1/6/2020,0.0,0.0,0.0,0.0,0.0,0.0
1/7/2020,0.0,0.0,0.0,0.0,0.0,0.0
1/8/2020,0.0,0.0,0.0,0.0,0.0,0.0
1/9/2020,0.0,0.0,0.0,0.0,0.0,0.0
1/10/2020,0.0,0.0,0.0,0.0,0.0,0.0
1/11/2020,0.0,0.0,0.0,0.0,0.0,0.0
1/12/2020,0.0,0.0,0.0,0.0,0.0,0.0
1/13/2020,0.0,0.0,0.0,0.0,0.0,0.0
1/14/2020,0.0,0.0,0.0,0.0,0.0,0.0
1/15/2020,0.0,0.0,0.0,0.0,0.0,0.0
1/16/2020,0.0,0.0,0.0,0.0,0.0,0.0
1/17/2020,0.0,0.0,0.0,0.0,0.0,0.0
1/18/2020,0.0,0.0,0.0,0.0,0.0,0.0
1/19/2020,0.0,0.0,0.0,0.0,0.0,0.0
1/20/2020,0.0,0.0,0.0,0.0,0.0,0.0
1/21/2020,1.0,1.0,0.999,0.591,0.524,0.641
1/22/2020,0.567,0.746,0.495,0.231,0.236,0.231
1/23/2020,0.562,0.833,,0.294,0.385,
1/24/2020,0.737,0.937,,0.204,0.172,
1/25/2020,0.174,-0.044,,0.2,0.131,
1/26/2020,0.826,0.973,,0.272,0.299,
1/27/2020,0.494,0.416,0.507,0.348,0.355,0.333
1/28/2020,0.803,0.906,,0.461,0.426,
1/29/2020,0.843,0.974,,0.367,0.433,
1/30/2020,0.521,0.749,,0.328,0.411,
1/31/2020,0.591,0.849,,0.385,0.559,
2/1/2020,0.822,0.518,,0.445,0.441,
2/2/2020,-0.572,-0.976,,-0.156,-0.287,
2/3/2020,0.921,0.985,,0.271,0.285,
2/4/2020,0.963,0.999,,0.407,0.419,
2/5/2020,0.744,0.688,0.792,0.234,0.137,0.315
2/6/2020,-0.141,-0.672,,-0.01,-0.272,
2/7/2020,0.809,0.994,,0.543,0.662,
2/8/2020,0.274,0.181,,0.129,0.01,
2/9/2020,0.93,0.999,,0.459,0.482,
2/10/2020,0.902,0.939,0.898,0.39,0.347,0.405
2/11/2020,0.951,0.993,,0.558,0.637,
2/12/2020,0.173,-0.029,,0.068,-0.106,
2/13/2020,0.845,0.952,0.847,0.333,0.331,0.352
2/14/2020,0.564,0.914,0.408,0.517,0.749,0.305
2/15/2020,-0.618,-0.973,,-0.233,-0.373,
2/16/2020,0.989,1.0,,0.282,0.188,
2/17/2020,0.773,0.949,,0.414,0.588,
2/18/2020,0.172,-0.681,,0.131,-0.144,
2/19/2020,-0.264,-0.953,,0.128,-0.057,
2/20/2020,0.722,0.944,,0.318,0.302,
2/21/2020,0.795,0.953,,0.351,0.504,
2/22/2020,0.926,0.994,0.827,0.252,0.2,0.314
2/23/2020,0.773,0.936,,0.232,0.109,
2/24/2020,0.733,0.948,,0.227,0.176,
2/25/2020,0.608,0.479,,0.284,0.247,
2/26/2020,0.481,0.631,,0.19,0.146,
2/27/2020,0.97,0.971,,0.421,0.457,
2/28/2020,0.807,0.942,0.694,0.309,0.298,0.311
2/29/2020,0.868,0.958,,0.325,0.389,
3/1/2020,0.942,0.988,,0.331,0.365,
3/2/2020,0.245,0.391,,0.112,0.138,
3/3/2020,0.348,0.079,,0.244,0.225,
3/4/2020,1.0,1.0,1.0,0.413,0.407,0.407
3/5/2020,0.086,-0.55,,0.091,-0.116,
3/6/2020,0.509,0.601,,0.328,0.149,
3/7/2020,0.43,0.133,0.606,0.216,0.073,0.307
3/8/2020,0.698,0.507,,0.215,0.118,
3/9/2020,1.0,1.0,,0.352,0.206,
3/10/2020,0.557,0.579,0.585,0.319,0.34,0.315
3/11/2020,0.835,0.984,0.659,0.434,0.54,0.338
3/12/2020,0.88,0.981,,0.321,0.326,
3/13/2020,0.942,0.996,,0.288,0.214,
3/14/2020,0.861,0.967,,0.492,0.682,
3/15/2020,0.987,0.999,,0.37,0.283,
3/16/2020,0.725,0.915,,0.26,0.385,
3/17/2020,0.817,0.958,,0.495,0.667,
3/18/2020,0.806,0.951,,0.345,0.237,
3/19/2020,0.896,0.816,,0.327,0.26,
3/20/2020,0.97,0.999,,0.624,0.774,
3/21/2020,0.763,0.812,,0.325,0.281,
3/22/2020,0.583,0.556,,0.093,0.079,
3/23/2020,0.855,0.983,,0.422,0.493,
3/24/2020,0.848,0.94,,0.329,0.383,
3/25/2020,0.402,-0.04,,0.328,0.25,
3/26/2020,0.923,0.997,,0.728,0.864,
3/27/2020,0.219,-0.516,,0.155,-0.183,
3/28/2020,0.768,0.741,,0.244,0.14,
3/29/2020,0.851,0.968,,0.213,0.268,
3/30/2020,0.793,0.961,,0.265,0.244,
3/31/2020,0.89,0.991,,0.443,0.536,
4/1/2020,0.752,0.88,0.695,0.327,0.339,0.322
4/2/2020,0.729,0.93,,0.316,0.327,
4/3/2020,0.584,0.474,,0.281,0.226,
4/4/2020,-0.904,-0.998,,-0.046,-0.059,
4/5/2020,0.908,0.921,,0.407,0.415,
4/6/2020,0.833,0.964,,0.21,0.214,
4/7/2020,0.766,0.932,0.629,0.504,0.669,0.394
4/8/2020,0.864,0.96,,0.278,0.186,
4/9/2020,1.004,0.999,,0.428,0.44,
4/10/2020,0.535,0.735,,0.213,0.262,
4/11/2020,0.981,1.0,,0.601,0.723,
4/12/2020,0.951,0.996,,0.116,0.019,
4/13/2020,0.931,0.991,,0.427,0.409,
4/14/2020,0.9,0.974,,0.292,0.242,
4/15/2020,0.716,0.844,0.7,0.235,0.209,0.262
4/16/2020,0.351,0.444,0.477,0.292,0.36,0.292
4/17/2020,0.689,0.897,,0.424,0.715,
4/18/2020,-0.148,-0.634,,0.031,-0.058,
4/19/2020,0.694,0.954,,0.349,0.434,
4/20/2020,0.053,-0.285,,0.208,0.21,
4/21/2020,0.767,0.982,,0.252,0.276,
4/22/2020,1.198,0.994,,0.119,0.549,
4/23/2020,0.531,0.598,0.647,0.406,0.607,0.348
4/24/2020,-0.002,-0.63,,0.21,0.086,
4/25/2020,0.673,0.902,,0.203,0.247,
4/26/2020,0.641,0.951,,0.224,0.24,
4/27/2020,0.81,0.98,,0.316,0.376,
4/28/2020,0.301,-0.092,,0.146,0.054,
4/29/2020,0.696,0.795,,0.404,0.48,
4/30/2020,0.52,0.641,,0.143,0.116,
5/1/2020,0.486,0.724,,0.297,0.405,
5/2/2020,0.324,-0.177,,0.128,-0.018,
5/3/2020,0.895,0.991,,0.576,0.635,
5/4/2020,0.898,0.998,,0.462,0.574,
5/5/2020,0.914,0.982,,0.41,0.5,
5/6/2020,0.53,0.338,,0.267,0.191,
5/7/2020,0.216,-0.081,,0.127,-0.029,
5/8/2020,0.217,-0.627,,0.216,0.041,
5/9/2020,0.912,0.976,,0.338,0.29,
5/10/2020,0.508,0.656,,0.183,0.237,
5/11/2020,0.935,0.998,,0.199,0.212,
5/12/2020,0.603,0.891,,0.212,0.177,
5/13/2020,0.875,0.966,0.816,0.445,0.482,0.414
5/14/2020,0.641,0.735,,0.274,0.175,
5/15/2020,1.379,0.158,,0.355,-0.012,
5/16/2020,1.021,0.804,,0.374,0.236,
5/17/2020,0.733,0.854,,0.354,0.314,
5/18/2020,0.936,0.992,,0.391,0.291,
5/19/2020,0.556,0.194,,0.17,-0.053,
5/20/2020,0.62,0.678,,0.314,0.441,
5/21/2020,0.408,0.69,,0.234,0.377,
5/22/2020,0.639,0.946,,0.431,0.715,
5/23/2020,0.922,0.991,,0.243,0.216,
5/24/2020,-0.744,-0.992,,-0.111,-0.14,
5/25/2020,0.908,0.993,0.852,0.435,0.514,0.394
5/26/2020,0.846,0.962,,0.421,0.576,
5/27/2020,0.216,-0.415,,0.148,-0.047,
5/28/2020,0.146,-0.42,,0.123,-0.075,
5/29/2020,0.868,0.961,0.794,0.388,0.353,0.386
5/30/2020,0.703,0.861,,0.268,0.277,
5/31/2020,-0.302,-0.931,,-0.146,-0.523,
6/1/2020,0.14,-0.359,,0.089,-0.073,
6/2/2020,0.801,0.802,,0.333,0.385,
6/3/2020,0.417,0.007,,0.232,0.17,
6/4/2020,0.006,-0.182,,-0.032,-0.192,
6/5/2020,0.014,-0.453,,-0.017,-0.118,
6/6/2020,0.508,0.711,,0.123,0.107,
6/7/2020,0.113,-0.552,,0.022,-0.201,
6/8/2020,1.183,0.906,,0.27,0.218,
6/9/2020,0.496,0.6,,0.328,0.362,
6/10/2020,0.833,0.934,,0.287,0.231,
6/11/2020,0.632,0.808,,0.39,0.453,
6/12/2020,0.878,0.974,,0.263,0.276,
6/13/2020,-0.501,-0.798,,-0.045,-0.164,
6/14/2020,0.984,0.831,,0.36,0.33,
6/15/2020,0.361,0.068,,0.152,-0.057,
6/16/2020,0.936,0.968,,0.508,0.509,
6/17/2020,0.66,0.714,,0.274,0.186,
6/18/2020,0.865,0.979,,0.525,0.661,
6/19/2020,0.803,0.963,,0.38,0.409,
6/20/2020,0.948,0.99,,0.385,0.305,
6/21/2020,0.769,0.958,,0.228,0.27,
6/22/2020,0.89,0.974,,0.368,0.346,
6/23/2020,0.562,0.366,,0.204,0.121,
6/24/2020,0.345,0.122,,0.106,-0.015,
6/25/2020,0.259,-0.145,,0.126,-0.023,
6/26/2020,0.05,0.902,,0.016,0.3,
6/27/2020,0.804,0.941,,0.263,0.184,
6/28/2020,0.741,0.82,,0.396,0.485,
6/29/2020,0.709,0.729,,0.257,0.226,
6/30/2020,0.786,0.925,,0.224,0.142,
7/1/2020,0.915,0.999,,0.171,0.107,
7/2/2020,0.696,0.932,,0.269,0.317,
7/3/2020,0.579,0.728,,0.326,0.149,
7/4/2020,0.504,0.119,,0.29,0.171,
7/5/2020,0.119,-0.039,,0.045,0.024,
7/6/2020,0.85,0.972,,0.429,0.544,
7/7/2020,0.547,0.132,,0.286,0.102,
7/8/2020,0.73,0.96,,0.231,0.277,
7/9/2020,0.784,0.957,,0.339,0.328,
7/10/2020,0.674,0.814,0.652,0.351,0.421,0.336
7/11/2020,0.423,0.498,0.405,0.193,0.159,0.22
7/12/2020,-0.22,-0.527,,0.228,0.135,
7/13/2020,0.826,0.949,,0.396,0.383,
7/14/2020,0.851,0.99,,0.394,0.447,
7/15/2020,0.772,0.861,,0.397,0.349,
7/16/2020,0.883,0.979,,0.278,0.271,
7/17/2020,0.865,0.987,,0.423,0.489,
7/18/2020,0.549,0.321,,0.244,0.139,
7/19/2020,0.963,0.996,,0.451,0.424,
7/20/2020,0.715,0.868,0.682,0.294,0.348,0.298
7/21/2020,0.659,0.921,,0.333,0.411,
7/22/2020,0.605,0.579,0.637,0.343,0.333,0.348
7/23/2020,0.629,0.674,,0.37,0.431,
7/24/2020,0.646,0.84,,0.214,0.162,
7/25/2020,0.75,0.931,,0.432,0.579,
7/26/2020,0.676,0.656,0.741,0.277,0.275,0.309
7/27/2020,0.913,0.989,,0.279,0.234,
7/28/2020,-0.317,-0.937,,0.044,-0.05,
7/29/2020,0.311,-0.111,,0.138,-0.042,
7/30/2020,0.517,0.498,,0.175,0.167,
7/31/2020,0.866,0.967,,0.451,0.615,
8/1/2020,-0.084,-0.821,0.374,-0.078,-0.429,0.15
8/2/2020,0.537,0.572,,0.13,0.073,
8/3/2020,-0.051,-0.673,,0.109,-0.048,
8/4/2020,0.903,0.956,,0.312,0.237,
8/5/2020,0.877,0.975,,0.477,0.486,
8/6/2020,0.905,0.988,0.82,0.267,0.241,0.29
8/7/2020,-1.482,-0.428,,0.028,0.058,
8/8/2020,-0.146,-0.585,,0.079,-0.009,
8/9/2020,0.937,0.998,,0.287,0.295,
8/10/2020,0.719,0.97,,0.193,0.188,
8/11/2020,0.723,0.858,0.716,0.517,0.64,0.454
8/12/2020,0.624,0.687,0.612,0.169,0.121,0.216
8/13/2020,0.169,-0.014,0.419,0.223,0.143,0.318
8/14/2020,0.344,-0.147,,0.157,-0.002,
8/15/2020,0.94,0.977,,0.417,0.393,
8/16/2020,0.283,0.077,,0.282,0.23,
8/17/2020,0.769,0.954,,0.263,0.209,
8/18/2020,-0.454,-0.95,,-0.077,-0.232,
8/19/2020,0.145,-0.46,,0.125,-0.095,
8/20/2020,0.821,0.983,,0.511,0.743,
8/21/2020,0.779,0.955,,0.247,0.231,
8/22/2020,0.385,-0.242,,0.258,0.093,
8/23/2020,0.606,0.82,,0.216,0.336,
8/24/2020,-0.052,-0.875,,0.237,0.027,
8/25/2020,0.93,0.992,,0.427,0.415,
8/26/2020,0.476,0.058,,0.255,0.143,
8/27/2020,0.674,0.928,,0.254,0.274,
8/28/2020,0.554,0.605,0.614,0.458,0.582,0.408
8/29/2020,0.483,0.775,,0.16,0.118,
8/30/2020,0.701,0.937,,0.524,0.734,
8/31/2020,0.979,0.999,,0.244,0.115,
9/1/2020,0.802,0.911,,0.414,0.526,
9/2/2020,0.906,0.993,,0.532,0.591,
9/3/2020,0.662,0.701,,0.327,0.363,
9/4/2020,0.731,-0.193,,0.238,-0.111,
9/5/2020,0.804,0.959,,0.522,0.708,
9/6/2020,-0.036,-0.592,,-0.05,-0.314,
9/7/2020,0.936,0.994,0.88,0.31,0.336,0.308
9/8/2020,0.779,0.948,,0.268,0.233,
9/9/2020,0.401,0.248,,0.118,-0.013,
9/10/2020,0.431,0.319,,0.365,0.332,
9/11/2020,0.047,-0.74,,0.131,-0.148,
9/12/2020,0.564,0.553,,0.218,0.182,
9/13/2020,0.823,0.965,,0.391,0.514,
9/14/2020,0.91,0.989,,0.249,0.17,
9/15/2020,0.821,0.924,,0.456,0.47,
9/16/2020,0.701,0.916,,0.24,0.253,
9/17/2020,0.331,-0.02,,0.191,0.039,
9/18/2020,0.809,0.956,,0.388,0.596,
9/19/2020,0.876,0.991,,0.479,0.528,
9/20/2020,-0.068,-0.393,,0.083,0.002,
9/21/2020,0.568,0.695,,0.247,0.26,
9/22/2020,0.72,0.847,,0.256,0.24,
9/23/2020,0.757,0.855,0.777,0.321,0.332,0.335
9/24/2020,1.0,0.961,,0.404,0.405,
9/25/2020,0.81,0.989,,0.616,0.771,
9/26/2020,0.357,-0.47,,0.326,-0.028,
9/27/2020,-0.388,-0.956,0.335,-0.09,-0.272,0.19
9/28/2020,0.949,0.993,,0.348,0.38,
9/29/2020,0.861,0.923,,0.385,0.418,
9/30/2020,0.897,0.993,,0.496,0.584,
10/1/2020,0.997,0.999,,0.159,0.077,
10/2/2020,0.871,0.987,,0.223,0.168,
10/3/2020,0.842,0.986,0.712,0.205,0.061,0.29
10/4/2020,0.718,0.902,,0.382,0.408,
10/5/2020,0.825,0.982,,0.095,0.081,
10/6/2020,0.374,0.564,,0.137,0.068,
10/7/2020,0.573,0.294,0.715,0.217,0.065,0.326
10/8/2020,0.564,0.786,,0.161,0.133,
10/9/2020,0.706,0.807,,0.442,0.57,
10/10/2020,0.847,0.965,,0.343,0.417,
10/11/2020,0.867,0.965,,0.297,0.238,
10/12/2020,-0.884,-0.998,,-0.273,-0.307,
10/13/2020,0.499,0.503,,0.259,0.331,
10/14/2020,0.878,0.981,,0.224,0.244,
10/15/2020,0.88,0.996,,0.36,0.367,
10/16/2020,0.647,0.767,,0.273,0.289,
10/17/2020,0.944,0.933,,0.42,0.404,
10/18/2020,0.687,0.567,,0.275,0.267,
10/19/2020,0.513,0.57,,0.244,0.188,
10/20/2020,0.927,0.985,0.885,0.482,0.593,0.414
10/21/2020,0.945,0.994,0.891,0.462,0.572,0.368
10/22/2020,0.566,0.77,,0.15,0.096,
10/23/2020,0.822,0.971,,0.427,0.516,
10/24/2020,0.473,0.028,,0.226,0.071,
10/25/2020,0.916,0.991,,0.247,0.18,
10/26/2020,0.736,0.858,0.685,0.375,0.459,0.334
10/27/2020,0.561,0.574,,0.254,0.295,
10/28/2020,0.829,0.989,,0.162,0.075,
10/29/2020,0.767,0.983,,0.22,0.184,
10/30/2020,0.716,0.812,,0.194,0.148,
10/31/2020,0.702,0.59,0.737,0.265,0.131,0.318
11/1/2020,0.852,0.973,,0.431,0.653,
11/2/2020,0.209,-0.457,,0.207,-0.048,
11/3/2020,0.613,0.471,,0.262,0.185,
11/4/2020,0.964,0.999,,0.184,0.168,
11/5/2020,-0.278,-0.869,,0.026,-0.178,
11/6/2020,0.94,0.99,0.891,0.357,0.24,0.383
11/7/2020,0.97,0.998,0.926,0.377,0.352,0.394
11/8/2020,0.291,0.414,,0.064,0.107,
11/9/2020,0.928,0.995,,0.298,0.177,
11/10/2020,0.822,0.867,,0.328,0.292,
11/11/2020,0.384,0.676,,0.117,0.105,
11/12/2020,0.474,0.242,0.606,0.172,0.032,0.262
11/13/2020,0.852,0.974,,0.459,0.615,
11/14/2020,0.857,0.921,,0.431,0.477,
