,Predictions,Actual
0,1857.3931728009072,1898.0100100000006
1,1905.1637601382308,1874.969971
2,1911.991675837744,1891.969971
3,1901.2375160221886,1901.050049
4,1910.761247253307,1883.160034
5,1902.115293074947,1869.439941
6,1873.789971110898,1877.939941
7,1887.143438059523,1864.719971
8,1872.8445739828912,1892.0
9,1838.8325038925368,1853.25
10,1873.5330932993893,1870.680054
11,2012.7449282775676,2008.719971
12,2078.3199811381924,2049.669922
13,2091.0820216869847,2079.280029
14,2151.868522716224,2133.909912
15,2168.638536641346,2150.800049
16,2174.4561196394425,2160.0
17,2157.574735899861,2149.8701170000004
18,2170.444285976362,2134.8701170000004
19,2127.5428968613664,2153.100098
20,1906.214327823614,2009.290039
21,1924.9967059491773,1883.75
22,1986.409708525105,1975.829956
23,1824.9356749739488,1924.030029
24,1816.018994759318,1891.819946
25,1815.959988806424,1676.609985
26,1698.2285619094373,1689.1500239999998
27,1832.2326275133537,1807.839966
28,1820.4721443795786,1830.0
29,1895.1088269965867,1880.930054
30,1867.1850834931183,1846.089966
31,1907.526812051642,1902.829956
32,1909.4343879269366,1955.48999
33,1931.3493568294118,1963.949951
34,1943.659442678005,1918.829956
35,1926.074767398306,1906.589966
36,2025.7948335491199,1997.589966
37,2015.6864910751594,2011.5999760000007
38,2068.031471061973,2043.0
39,2185.3276143269673,2042.76001
40,2304.798241402422,2168.8701170000004
41,2383.1255055783395,2283.320068
42,2413.5333589251495,2307.679932
43,2345.9513399559837,2408.189941
44,2394.743197296553,2375.0
45,2416.386708675758,2393.610107
46,2425.5059624249834,2328.1201170000004
47,2341.489962368798,2363.48999
48,2294.697977101067,2399.449951
49,2354.820987748154,2410.219971
50,2375.990149298694,2376.0
51,2389.894683731758,2314.080078
52,2384.4873796155284,2372.709961
53,2438.2970485718665,2474.0
54,2377.7005201111792,2286.040039
55,2386.509438148198,2315.98999
56,2395.1317749723785,2317.800049
57,2430.023935388908,2351.26001
58,2436.221533202289,2367.610107
59,2466.9568944571515,2379.610107
60,2499.1969340962096,2409.0
61,2454.158571028958,2356.949951
62,2453.407495899283,2367.919922
63,2441.8843519522634,2388.850098
64,2444.7742146926666,2409.780029
65,2425.4201975526894,2426.26001
66,2461.0503853414425,2449.330078
67,2495.069905636898,2497.939941
68,2479.1779061554744,2446.73999
69,2505.35077651948,2436.879883
70,2542.7954219109374,2421.860107
71,2601.50509917797,2410.389893
72,2638.7666809372827,2401.100098
73,2561.8544090185846,2442.3701170000004
74,2557.980591859618,2471.040039
75,2610.1510019625002,2472.409912
76,2615.094090923044,2478.399902
77,2652.3276991837038,2460.600098
78,2659.0478748791984,2483.0
79,2700.9024165752835,2524.060059
80,2725.911632219861,2600.860107
81,2769.7724136564943,2647.449951
82,2735.9763832592425,2557.959961
83,2774.796504479504,2545.02002
84,2714.688444074727,2572.679932
85,2701.5007286741397,2615.27002
86,2770.997526060789,2640.97998
87,3164.853443633849,2653.97998
88,3108.5860200795787,2675.01001
89,3093.776140896671,2713.820068
90,3021.6704579977327,2764.409912
91,3010.522731407386,2734.399902
92,3179.7649248975413,2754.580078
93,3115.3370365813057,2692.8701170000004
94,2996.3751315507016,2680.379883
95,3018.0435107002113,2758.820068
96,3036.841300186684,2878.699951
97,3150.887491042092,2890.300049
98,3106.349434128018,3057.040039
99,3137.131721060517,3000.1201170000004
100,3186.6892686795154,3081.110107
101,3227.1725726446434,3182.629883
102,3149.6814368297714,3200.0
103,3092.9966341411755,3104.0
104,3145.869507990304,3084.0
105,3135.3612576685678,3008.8701170000004
106,3180.5453849400574,2999.899902
107,3292.4771522848787,2961.969971
108,3249.777860326915,3196.840088
109,3292.8976564956947,3138.290039
110,3276.1625150995737,3099.909912
111,3305.2633966675826,2986.550049
112,3322.222352217634,3008.909912
113,3413.3482167388574,3055.209961
114,3389.564688442602,3000.330078
115,3393.165382452484,3033.530029
116,3412.0711230711436,3051.879883
117,3463.9970584637936,3164.679932
118,3499.668644255956,3111.889893
119,3362.1173821520174,3138.830078
120,3293.126380662284,3205.030029
121,3158.2913347158023,3225.0
122,3275.2497121662127,3167.459961
123,3123.7097163865574,3148.159912
124,3107.8757649838954,3080.669922
125,3149.1937410507608,3162.23999
126,3081.0564993088774,3161.02002
127,3025.0045990120802,3148.02002
128,2975.201386736725,3182.409912
129,3118.754734875565,3312.48999
130,3005.8932473449954,3260.47998
131,3027.478877294405,3297.3701170000004
132,3094.804456001324,3284.719971
133,3159.737181608511,3307.459961
134,3139.146676515277,3346.48999
135,3145.237348089312,3441.850098
136,3217.1931677105804,3400.0
137,3190.3420180521343,3401.8000490000004
138,3210.4058164037283,3450.959961
139,3186.7271118696144,3499.1201170000004
140,3269.7978282573063,3531.449951
141,3396.8582513879555,3368.0
142,3349.435172433869,3294.6201170000004
143,3315.354033455481,3149.840088
144,3283.7437590980967,3268.610107
145,3221.620076808671,3175.110107
146,3185.169389364707,3102.969971
147,3188.1326147399773,3156.129883
148,3214.5605832982696,3078.100098
149,3211.0798386180963,3008.72998
150,3037.7650195120095,2954.909912
151,3065.838111287226,2960.469971
152,3214.9450744661895,3128.98999
153,3295.231806954434,2999.860107
154,3058.5837089328434,3019.790039
155,3130.433150830046,3095.129883
